MDY,SubType,POINT_X,POINT_Y
8/12/1941,Mot_ID,32.10624872,53.53206751
7/11/1941,Mot_ID,30.35502657,53.71807012
7/12/1941,Mot_ID,30.41698659,53.71621236
7/12/1941,Mot_ID,30.55654246,54.17666019
7/13/1941,Mot_ID,30.54626705,53.69456809
7/15/1941,Mot_ID,30.61827754,53.67232032
7/16/1941,Mot_ID,30.384341999999997,53.77383004
7/19/1941,Mot_ID,30.89828371,53.43506717
7/20/1941,Mot_ID,30.83152646,53.46510793
7/22/1941,Mot_ID,30.89075548,53.41222009
7/24/1941,Mot_ID,30.9946668,53.42462858
7/26/1941,Mot_ID,31.13587003,53.51997042
7/27/1941,Mot_ID,31.37412509,53.63093562
7/27/1941,Mot_ID,32.10449991,54.29218929
7/29/1941,Mot_ID,32.03513838,54.25000045
7/30/1941,Mot_ID,32.07816822,54.24087985
8/1/1941,Mot_ID,32.08975412,54.23668049
8/2/1941,Mot_ID,32.04969982,54.21528558
8/4/1941,Mot_ID,32.39239337,53.75449203
8/4/1941,Mot_ID,32.10461015,54.18600413
8/6/1941,Mot_ID,32.37611371,53.75261135
8/6/1941,Mot_ID,32.29515786,53.90618822
8/10/1941,Mot_ID,32.24486469,53.67879911
8/12/1941,Mot_ID,32.33675467,53.61289364
8/14/1941,Mot_ID,32.11554654,53.63735744
8/18/1941,Mot_ID,32.09689953,53.24203157
8/18/1941,Mot_ID,32.39406329,53.00302577
8/21/1941,Mot_ID,32.31547034,52.8965838
8/23/1941,Mot_ID,32.321823800000004,52.88984215
7/11/1941,Mot_ID,29.41542536,55.31148322
7/11/1941,Mot_ID,28.62865715,55.65790691
7/12/1941,Mot_ID,28.32454441,55.76359712
7/12/1941,Mot_ID,29.97902536,55.45079897
7/15/1941,Mot_ID,29.83195125,55.5278373
7/16/1941,Mot_ID,30.05077249,55.53068799
7/17/1941,Mot_ID,30.57098916,55.65427681
7/19/1941,Mot_ID,29.81201162,56.02110513
7/20/1941,Mot_ID,30.48258403,55.92589301
7/22/1941,Mot_ID,29.92248038,56.05466001
7/26/1941,Mot_ID,31.84299431,55.98540264
7/27/1941,Mot_ID,32.04404916,55.83413011
7/27/1941,Mot_ID,31.79690113,56.0142848
7/29/1941,Mot_ID,31.78156369,56.00403258
7/30/1941,Mot_ID,31.84495233,56.01810466
8/1/1941,Mot_ID,31.84613411,56.04707815
8/2/1941,Mot_ID,31.79948562,56.02354769
8/4/1941,Mot_ID,31.33492209,55.7057029
8/6/1941,Mot_ID,31.34264499,55.70561135
8/10/1941,Mot_ID,31.34674258,55.708402500000005
8/10/1941,Mot_ID,31.39975019,56.03275404
8/12/1941,Mot_ID,31.34008456,55.71675662
8/18/1941,Mot_ID,31.33544178,55.69775455
8/20/1941,Mot_ID,32.22665937,55.21816981
8/20/1941,Mot_ID,31.35176059,55.69447023
8/21/1941,Mot_ID,32.04389591,55.25382111
8/21/1941,Mot_ID,32.22046334,55.22509762
8/23/1941,Mot_ID,32.226781800000005,55.21842486
8/23/1941,Mot_ID,32.74009054,55.1191807
8/24/1941,Mot_ID,32.71894778,55.19921733
9/2/1941,Mot_ID,32.7484581,55.18206894
9/4/1941,Mot_ID,32.77883417,55.18261955
9/6/1941,Mot_ID,32.66004022,55.16325085
9/8/1941,Mot_ID,32.70910404,55.16278252
7/11/1941,Mot_ID,29.78045255,55.42081201
7/12/1941,Mot_ID,30.13797351,54.37719545
7/12/1941,Mot_ID,29.900325800000005,55.52044083
7/13/1941,Mot_ID,30.52838502,55.70297583
7/15/1941,Mot_ID,30.76118773,55.73777839
7/16/1941,Mot_ID,29.89271984,55.54590297
7/16/1941,Mot_ID,30.5895793,55.71838837
7/17/1941,Mot_ID,31.04370077,53.48352652
7/17/1941,Mot_ID,30.55112909,55.74168257
7/19/1941,Mot_ID,31.1896771,55.83209047
7/20/1941,Mot_ID,31.55676389,55.66405183
7/20/1941,Mot_ID,32.07837548,55.72294919
7/20/1941,Mot_ID,32.25324823,55.78791443
7/20/1941,Mot_ID,31.98471568,55.93643184
7/20/1941,Mot_ID,32.17312658,55.84946129
7/22/1941,Mot_ID,32.05987736,55.80148311
7/24/1941,Mot_ID,32.42178162,55.78120259
7/26/1941,Mot_ID,32.51227929,55.755061
7/27/1941,Mot_ID,32.47189676,55.78586657
7/29/1941,Mot_ID,32.28213956,55.79920494
7/30/1941,Mot_ID,32.48001639,55.7588618
8/1/1941,Mot_ID,32.4980933,55.78502402
8/2/1941,Mot_ID,32.44859592,55.759849800000005
8/4/1941,Mot_ID,32.48284251,55.74600996
8/6/1941,Mot_ID,32.50128913,55.73643066
8/10/1941,Mot_ID,32.02257993,55.19395985
8/10/1941,Mot_ID,32.41863684,55.73209933
8/12/1941,Mot_ID,32.01703256,55.20777176
8/14/1941,Mot_ID,32.03596193,55.19033604
8/18/1941,Mot_ID,30.55394057,55.78458217
8/12/1941,Mot_ID,31.39178794,56.04203523
7/11/1941,Mot_ID,30.30168181,55.1686086
7/11/1941,Mot_ID,30.12903949,55.17942744
7/12/1941,Mot_ID,30.22629171,55.20622371
7/13/1941,Mot_ID,30.54812677,53.69356965
7/15/1941,Mot_ID,31.20386973,55.20010614
7/16/1941,Mot_ID,31.33252512,55.23279904
7/17/1941,Mot_ID,31.81534595,55.16459513
7/19/1941,Mot_ID,31.86341574,55.13951167
7/20/1941,Mot_ID,32.05682152,55.06590804
7/22/1941,Mot_ID,32.08013512,55.08820152
7/24/1941,Mot_ID,32.02283408,55.02195981
7/26/1941,Mot_ID,32.55022725,54.99580708
7/27/1941,Mot_ID,32.58970822,54.91201963
7/29/1941,Mot_ID,32.55396847,54.89370436
7/30/1941,Mot_ID,32.58891347,54.90123797
8/2/1941,Mot_ID,32.5821582,54.89315848
8/4/1941,Mot_ID,32.62917578,54.96464053
8/6/1941,Mot_ID,32.52852471,54.91299156
8/10/1941,Mot_ID,32.30042064,54.86378249999999
8/12/1941,Mot_ID,32.30103119,54.87807761
8/14/1941,Mot_ID,32.28909243,54.84003756
8/18/1941,Mot_ID,32.26376,54.86194904
8/21/1941,Mot_ID,28.61253634,56.98580218
8/14/1941,Mot_ID,32.99476887,53.88778371
8/18/1941,Mot_ID,33.12701832,53.75965327
7/11/1941,Mot_ID,30.33384422,54.29901572
7/12/1941,Mot_ID,30.57445083,54.43405001
7/12/1941,Mot_ID,31.01687491,54.33270759
7/13/1941,Mot_ID,31.39713533,54.55060651
7/15/1941,Mot_ID,31.91744226,54.69540692
7/16/1941,Mot_ID,31.92913386,54.79856019
7/17/1941,Mot_ID,32.00688125,54.76855450000001
7/19/1941,Mot_ID,32.0316626,54.81436936
7/20/1941,Mot_ID,32.08147276,54.83735208
7/22/1941,Mot_ID,32.09938013,54.80251243
7/24/1941,Mot_ID,31.98225396,54.82615768
7/26/1941,Mot_ID,32.3306294,54.68992299
7/26/1941,Mot_ID,32.19151584,54.65632348
7/27/1941,Mot_ID,32.29067982,54.74458896
7/29/1941,Mot_ID,32.43057466,54.7254466
7/30/1941,Mot_ID,32.3357825,54.71750093
8/1/1941,Mot_ID,32.31735365,54.71362524
8/2/1941,Mot_ID,32.37698042,54.70932231
8/4/1941,Mot_ID,32.56276897,54.75187822
8/4/1941,Mot_ID,32.51802963,54.70729558
8/4/1941,Mot_ID,32.45258784,54.66844615
8/4/1941,Mot_ID,32.38753428,54.65996686
8/4/1941,Mot_ID,32.30289963,54.66684921
8/6/1941,Mot_ID,32.30907506,54.61700948
8/10/1941,Mot_ID,32.86521471,53.92156987
8/10/1941,Mot_ID,33.17246905,53.86287706
8/12/1941,Mot_ID,33.00257559,53.99758119
8/12/1941,Mot_ID,32.97380683,53.93460091
8/12/1941,Mot_ID,33.17451673,53.87868611
8/14/1941,Mot_ID,33.24138346,53.816199499999996
8/14/1941,Mot_ID,32.87885199,53.69984186
8/18/1941,Mot_ID,33.55517602,53.48345008
8/20/1941,Mot_ID,33.48240937,53.56024197
8/20/1941,Mot_ID,33.2368922,53.38424714
8/21/1941,Mot_ID,33.48834738,53.57023119
8/21/1941,Mot_ID,33.22545831,53.40408197
8/23/1941,Mot_ID,33.49638464,53.56650911
8/23/1941,Mot_ID,33.4066061,53.28243607
8/24/1941,Mot_ID,33.48506013,53.57362143
8/24/1941,Mot_ID,33.4001418,53.28530899
7/11/1941,Mot_Bde,29.83905652,54.95600354
7/15/1941,Mot_Bde,30.15779038,55.07150182
7/20/1941,Mot_Bde,31.62251351,55.41078878
7/22/1941,Mot_Bde,32.57143558,55.37900944
7/27/1941,Mot_Bde,32.84960164,55.35791597
7/30/1941,Mot_Bde,32.79917216,55.40203466
8/4/1941,Mot_Bde,32.77947209,55.28076038
8/6/1941,Mot_Bde,32.78198169,55.36763263
8/10/1941,Mot_Bde,32.64926499,55.27175229
8/12/1941,Mot_Bde,32.64938776,55.28657984
8/14/1941,Mot_Bde,32.6691522,55.26722318
8/21/1941,Mot_Bde,32.68149924,55.26409789
9/2/1941,Mot_Bde,32.36964334,55.2804135
9/4/1941,Mot_Bde,32.39651951,55.27605617
9/6/1941,Mot_Bde,32.33254243,55.29390487
9/8/1941,Mot_Bde,32.40421651,55.31027764
9/10/1941,Mot_Bde,32.40751351,55.19242943
7/22/1941,Mot_ID,29.91640136,53.98602183
7/20/1941,Mot_Rgt,31.81318931,54.06658497
7/12/1941,Mot_Rgt,30.55334594,54.18466199
7/13/1941,Mot_Rgt,30.54964301,54.1033583
7/15/1941,Mot_Rgt,30.47876132,54.10774032
7/16/1941,Mot_Rgt,30.48202054,54.09968337
7/17/1941,Mot_Rgt,30.48037493,54.09300152
7/19/1941,Mot_Rgt,31.43103647,53.97075975
7/22/1941,Mot_Rgt,32.5905657,54.20100134
7/24/1941,Mot_Rgt,32.57997172,54.25424491
7/26/1941,Mot_Rgt,32.65496123,54.22229998
7/27/1941,Mot_Rgt,32.78051616,54.42772586
7/29/1941,Mot_Rgt,33.08667388,54.5640575
7/30/1941,Mot_Rgt,33.08790307,54.56287911
8/1/1941,Mot_Rgt,33.158116899999996,54.6756174
8/2/1941,Mot_Rgt,33.1311922,54.65343588
8/4/1941,Mot_Rgt,33.14496692,54.67298384
8/6/1941,Mot_Rgt,33.13084798,54.66528943
8/10/1941,Mot_Rgt,32.82917012,54.73960419
8/12/1941,Mot_Rgt,32.71968636,54.77692408
8/14/1941,Mot_Rgt,32.76409961,54.748726100000006
8/18/1941,Mot_Rgt,32.69800159,54.77374406
8/20/1941,Mot_Rgt,32.41721056,54.27407933
8/21/1941,Mot_Rgt,32.43434829,54.2685284
8/23/1941,Mot_Rgt,32.44303313,54.30266459
8/24/1941,Mot_Rgt,32.43479128,54.29102605
7/11/1941,Mot_Bde,29.75739389,54.83182725
7/12/1941,Mot_Bde,29.8439178,54.95398387
7/13/1941,Mot_Bde,29.7843614,55.09248326
7/16/1941,Mot_Bde,30.09928166,55.31653263
7/17/1941,Mot_Bde,29.92172661,55.46866984
7/19/1941,Mot_Bde,31.50083652,55.23885943
7/24/1941,Mot_Bde,32.65813468,55.40798383
7/26/1941,Mot_Bde,32.86459437,55.37032228
7/29/1941,Mot_Bde,32.81870767,55.38365485
8/1/1941,Mot_Bde,32.7911924,55.3905434
8/2/1941,Mot_Bde,32.74452345,55.36435896
8/18/1941,Mot_Bde,32.69824399,55.27881586
8/20/1941,Mot_Bde,32.77742042,55.24671663
8/23/1941,Mot_Bde,32.71769828,55.24771782
8/24/1941,Mot_Bde,32.70892981,55.25191945
8/1/1941,PzDiv,32.00541592,55.30280715
8/14/1941,PzDiv,32.26617589999999,54.94438128
7/11/1941,PzDiv,30.12794401,53.73875026
7/12/1941,PzDiv,30.20313033,53.82393535
7/15/1941,PzDiv,30.99470773,53.80757693
7/15/1941,PzDiv,30.70797265,53.81441448
7/16/1941,PzDiv,30.90108471,53.82878536
7/17/1941,PzDiv,31.63820179,53.85359373
7/19/1941,PzDiv,31.74664839,53.7703125
7/20/1941,PzDiv,31.8267689,53.84228373
7/22/1941,PzDiv,31.82169029,53.84169958
7/24/1941,PzDiv,31.80186747,53.83046087
7/26/1941,PzDiv,31.88428145,53.86477996
7/27/1941,PzDiv,31.86864176,53.85071438
7/29/1941,PzDiv,31.85681209,53.84490447
7/30/1941,PzDiv,31.89095383,53.84985572
8/1/1941,PzDiv,32.20255724,53.76724373
8/2/1941,PzDiv,32.19119261,53.68732407
8/4/1941,PzDiv,32.23943574,53.68943074
8/6/1941,PzDiv,32.08259032,53.86068819
8/10/1941,PzDiv,31.85144846,53.60494838
8/12/1941,PzDiv,31.92848616,53.65328981
8/14/1941,PzDiv,32.28404938,53.59414486
7/11/1941,PzDiv,30.08139054,53.05680534
7/11/1941,PzDiv,30.33522398,53.31818810000001
7/11/1941,PzDiv,30.3567813,53.49920304
7/12/1941,PzDiv,30.59177743,53.60121728
7/13/1941,PzDiv,30.65792641,53.60052829
7/15/1941,PzDiv,31.01096024,53.44238033
7/15/1941,PzDiv,31.20646188,53.508560100000004
7/16/1941,PzDiv,31.26164941,53.54499933
7/17/1941,PzDiv,31.71794173,53.69250083
7/19/1941,PzDiv,31.34026436,53.51280007
7/20/1941,PzDiv,31.43935032,53.58092216
7/22/1941,PzDiv,31.4317408,53.57745212
7/24/1941,PzDiv,31.53229051,53.60730536
7/26/1941,PzDiv,31.54335098,53.59755177
7/27/1941,PzDiv,31.75272396,53.69007588
7/27/1941,PzDiv,31.83491396,54.02755144
7/29/1941,PzDiv,31.568507300000004,53.69746074
7/30/1941,PzDiv,31.73336055,53.76749372
8/1/1941,PzDiv,32.48731771,53.83671289
8/2/1941,PzDiv,32.51378554,53.80785666
8/4/1941,PzDiv,32.94560795,54.01213036
8/6/1941,PzDiv,32.47037451,53.94470988
8/10/1941,PzDiv,32.11558491,53.49892246
8/12/1941,PzDiv,32.12683995,53.40013653
8/18/1941,PzDiv,32.52527197,53.40736325
8/20/1941,PzDiv,32.83346477,53.26891915
8/20/1941,PzDiv,32.78227694,52.98228869
8/21/1941,PzDiv,32.76614354,52.97414823
8/21/1941,PzDiv,32.82584938,53.28068132
8/23/1941,PzDiv,32.83598824,53.27494641
8/23/1941,PzDiv,32.78083632,52.96875066
8/24/1941,PzDiv,32.83352876,53.26789291
8/24/1941,PzDiv,32.76646728,52.96495311
7/11/1941,PzDiv,30.33334826,55.09481709
7/12/1941,PzDiv,30.48568395,55.13449123
7/12/1941,PzDiv,30.60465326,55.22906916
7/13/1941,PzDiv,31.49029112,55.28638978
7/15/1941,PzDiv,32.35553004,55.14081499
7/16/1941,PzDiv,32.44066397,55.13056379
7/17/1941,PzDiv,32.43948709,55.10432447
7/19/1941,PzDiv,32.40599268,55.14099711
7/22/1941,PzDiv,32.58838667,55.16360702
7/24/1941,PzDiv,32.59198393,55.1048539
7/26/1941,PzDiv,32.67500513,55.00050212
7/27/1941,PzDiv,32.71613368,54.9393735
7/29/1941,PzDiv,32.65384192,54.98698244
7/30/1941,PzDiv,32.70381286,55.06233479
8/1/1941,PzDiv,32.40007901,53.89384707
8/2/1941,PzDiv,32.69294664,54.99350339
8/6/1941,PzDiv,32.52764907,55.12987645
8/10/1941,PzDiv,32.23490612,54.95024221
8/12/1941,PzDiv,32.23354514,54.96493445
8/18/1941,PzDiv,32.16558429,54.98814347
8/20/1941,PzDiv,32.66952648,55.24508868
8/21/1941,PzDiv,32.53816188,55.29945260000001
8/23/1941,PzDiv,32.50943169,55.19734696
8/24/1941,PzDiv,32.50787936,55.20495831
9/2/1941,PzDiv,32.50573624,55.17720453
9/4/1941,PzDiv,32.53568159,55.17716678
9/6/1941,PzDiv,32.45236804,55.20098673
9/8/1941,PzDiv,32.32387103,55.23753084
9/10/1941,PzDiv,32.33109016,55.12056737
7/11/1941,PzDiv,30.42525056,54.13387181
7/13/1941,PzDiv,31.55956441,54.13655203
7/15/1941,PzDiv,31.76906503,54.01557853
7/16/1941,PzDiv,31.92864376,54.15403567
7/17/1941,PzDiv,32.22905759,54.25964017
7/19/1941,PzDiv,32.9262936,54.53879476
7/20/1941,PzDiv,33.12882214,54.58395301
7/22/1941,PzDiv,33.16282661,54.57131013
7/24/1941,PzDiv,33.18559361,54.535214100000005
7/26/1941,PzDiv,33.18346081,54.52278247
7/27/1941,PzDiv,33.19438305,54.48642106
7/29/1941,PzDiv,33.18655722,54.50127334
7/30/1941,PzDiv,33.16901954,54.46459478
8/1/1941,PzDiv,33.186359700000004,54.49958384
8/2/1941,PzDiv,33.10080882,54.46111747
8/4/1941,PzDiv,33.03348978,54.56581098
8/6/1941,PzDiv,32.99700421,54.44676471
8/6/1941,PzDiv,33.04619236,54.54980112
8/10/1941,PzDiv,33.01809726,54.54730257
8/12/1941,PzDiv,33.01878211,54.56345177
8/12/1941,PzDiv,33.03205659,54.40936263
8/14/1941,PzDiv,32.90273353,54.46614044
8/18/1941,PzDiv,32.91688019,54.50496044
8/18/1941,PzDiv,33.00059287,54.40404892
8/18/1941,PzDiv,33.02604812,54.43275998
8/20/1941,PzDiv,33.03380403,54.42406661
8/20/1941,PzDiv,32.93189515,54.49332922
8/21/1941,PzDiv,32.90710263,54.4975346
8/23/1941,PzDiv,32.24870464,54.34855181
8/24/1941,PzDiv,32.25127295,54.35688452
9/2/1941,PzDiv,32.47664859,54.40005797
9/2/1941,PzDiv,33.06283869,54.25253029
9/4/1941,PzDiv,32.80501776,54.56635058
9/6/1941,PzDiv,32.32656785,54.377849600000005
9/8/1941,PzDiv,32.4310006,54.33079052
9/10/1941,PzDiv,32.43584022,54.22671989
7/24/1941,PzDiv,32.26886631,55.05813802
8/10/1941,PzDiv,32.74795246,54.60671321
7/11/1941,PzDiv,30.26902764,54.81945215
7/12/1941,PzDiv,30.34641866,54.90343986
7/13/1941,PzDiv,30.68833393,54.90920139999999
7/15/1941,PzDiv,30.86807536,54.96136271
7/16/1941,PzDiv,30.88207054,54.98012866
7/17/1941,PzDiv,30.9354843,54.977636100000005
7/17/1941,PzDiv,31.47399594,55.20264941
7/19/1941,PzDiv,31.26868269,55.15807682
7/20/1941,PzDiv,32.4547443,55.15329748
7/20/1941,PzDiv,31.62752583,55.21514999
7/22/1941,PzDiv,31.67879593,55.10556879999999
7/24/1941,PzDiv,32.7341018,55.23260537
7/26/1941,PzDiv,32.79689925,55.18912355
7/27/1941,PzDiv,32.79098134,55.19201949
7/29/1941,PzDiv,32.78088508,55.21367079
7/30/1941,PzDiv,32.81245781,55.21925559
8/1/1941,PzDiv,32.79221527,55.20206677
8/2/1941,PzDiv,32.77605978,55.21987883
8/4/1941,PzDiv,32.76688413,55.16261904
8/6/1941,PzDiv,32.79060127,55.19271583
8/10/1941,PzDiv,32.24840728,55.07571808
8/12/1941,PzDiv,32.24214791,55.0880296
8/14/1941,PzDiv,32.2588673,55.05078701
8/18/1941,PzDiv,30.07214479,55.3742994
8/21/1941,PzDiv,28.66168372,56.80130791
7/17/1941,PzDiv,29.72922942,56.00752296
8/14/1941,PzDiv,31.41609122,56.02864679
7/11/1941,PzDiv,30.20495959,54.45483231
7/12/1941,PzDiv,30.29642436,54.493536
7/15/1941,PzDiv,30.56715354,54.53270828
7/16/1941,PzDiv,30.86969651,54.563783900000004
7/17/1941,PzDiv,30.91903083,54.566930500000005
7/19/1941,PzDiv,31.94152664,54.6712929
7/20/1941,PzDiv,32.10611619,54.71470298
7/22/1941,PzDiv,32.52291565,54.59498189
7/24/1941,PzDiv,32.51913111,54.59332308
7/26/1941,PzDiv,32.79214991,54.64407528
7/26/1941,PzDiv,32.59595547,54.72902011
7/27/1941,PzDiv,32.78019647,54.77468063
7/29/1941,PzDiv,32.90973186,54.76793365
7/30/1941,PzDiv,32.93078278,54.77548624
8/2/1941,PzDiv,32.79952805,54.72243489
8/1/1941,PzDiv,32.76217783,54.746963
8/4/1941,PzDiv,32.94927652,54.71080767
8/4/1941,PzDiv,32.83647289,54.75923489
8/4/1941,PzDiv,32.74040284,54.795205599999996
8/4/1941,PzDiv,32.6396811,54.79186847
8/6/1941,PzDiv,32.83807666,54.74190571
8/12/1941,PzDiv,32.75112065,54.62236079
8/14/1941,PzDiv,32.94634394,53.95759808
8/18/1941,PzDiv,32.81035526,53.14681036
8/20/1941,PzDiv,32.80815473,53.10873238
8/20/1941,PzDiv,33.34550424,52.95557619
8/21/1941,PzDiv,32.81317201,53.12454257
8/23/1941,PzDiv,32.82539762,53.11941379999999
8/24/1941,PzDiv,32.82547951,53.10993048
8/24/1941,PzDiv,33.5513793,53.128368
7/11/1941,PzDiv,30.12897395,54.36663359
7/13/1941,PzDiv,30.77815463,54.43034076
7/15/1941,PzDiv,31.41143384,54.65074771
7/16/1941,PzDiv,31.47677353,54.66621236
7/17/1941,PzDiv,31.50772164,54.67951334
7/19/1941,PzDiv,31.42430879,54.67931534
7/20/1941,PzDiv,31.48906799,54.65772847
7/22/1941,PzDiv,31.44481885,54.62479873
7/26/1941,PzDiv,32.72964069,54.318802399999996
7/27/1941,PzDiv,32.64667215,54.26354359
7/29/1941,PzDiv,32.42882049,54.45987299
7/30/1941,PzDiv,32.44458863,54.45897699
8/1/1941,PzDiv,32.44118133,54.483149
8/2/1941,PzDiv,32.39421731,54.45977404
8/4/1941,PzDiv,32.54992964,54.31654197
8/4/1941,PzDiv,32.53017699,54.48721591
8/6/1941,PzDiv,32.42162558,54.43357267
8/10/1941,PzDiv,32.47405998,54.43963447
8/12/1941,PzDiv,32.47657067,54.45652976
8/14/1941,PzDiv,32.63069879,54.50922312
8/18/1941,PzDiv,32.873464,53.90309770000001
8/18/1941,PzDiv,33.22646133,53.9087499
8/18/1941,PzDiv,33.22580053,54.01637553
8/20/1941,PzDiv,33.33296388,53.91305548
8/20/1941,PzDiv,32.90183083,53.85968902
8/21/1941,PzDiv,32.89277302,53.87655273
8/21/1941,PzDiv,33.20646703,53.26298079
8/23/1941,PzDiv,33.21896317,53.25906164
8/23/1941,PzDiv,33.25371823,54.00065975
8/23/1941,PzDiv,32.90218287,53.87307232
8/24/1941,PzDiv,32.89996509,53.86512317
8/24/1941,PzDiv,33.21026775,53.25730146
7/11/1941,PzDiv,28.48767449,55.742753
7/12/1941,PzDiv,28.543366600000002,55.76731211
7/13/1941,PzDiv,28.75477062,55.75382489
7/15/1941,PzDiv,29.77465423,55.99397065
7/16/1941,PzDiv,29.82785257,55.98031224
7/17/1941,PzDiv,30.47277941,56.14519757
7/17/1941,PzDiv,29.844339,55.94146525
7/19/1941,PzDiv,30.45423398,56.13000887
7/19/1941,PzDiv,30.48249821,56.36901357
7/20/1941,PzDiv,30.35798417,56.13047429
7/20/1941,PzDiv,30.52033843,56.37237268
7/22/1941,PzDiv,30.94777047,55.66908019
7/24/1941,PzDiv,32.11952296,55.8501786
7/24/1941,PzDiv,31.76403463,56.01041755
7/26/1941,PzDiv,32.73087132,55.66365439
7/27/1941,PzDiv,32.75377992,55.61258571
7/27/1941,PzDiv,32.74099392,55.701572600000006
7/29/1941,PzDiv,32.74679568,55.67546166
7/30/1941,PzDiv,32.75385186,55.65193051
8/1/1941,PzDiv,32.7440469,55.63348942
8/2/1941,PzDiv,32.69370947,55.60860916
8/4/1941,PzDiv,32.72730699,55.66077925
8/6/1941,PzDiv,32.6800632,55.58650655
8/10/1941,PzDiv,31.95865988,55.58192389
8/12/1941,PzDiv,31.94902868,55.59415934
8/14/1941,PzDiv,31.96864406,55.57783454
8/18/1941,PzDiv,31.96939357,55.606964899999994
8/20/1941,PzDiv,31.23352875,55.89831956
8/21/1941,PzDiv,31.11145454,55.98277220000001
8/23/1941,PzDiv,30.76619112,56.36784318
8/24/1941,PzDiv,30.7768732,56.36714873
9/2/1941,PzDiv,31.98382475,56.48099176
9/4/1941,PzDiv,31.81786748,56.48942768
7/11/1941,PzDiv,30.32176115,55.24262107
7/12/1941,PzDiv,30.66889055,55.40407937
7/13/1941,PzDiv,31.21112442,55.58551095
7/15/1941,PzDiv,32.70972399,55.66975106
7/15/1941,PzDiv,32.83998868,55.27746677
7/16/1941,PzDiv,32.55358959,55.42507194
7/17/1941,PzDiv,32.65396629,55.39445249
7/17/1941,PzDiv,32.06000047,55.05077198
7/19/1941,PzDiv,32.43586166,55.43151908
7/19/1941,PzDiv,32.7194275,55.72838342
7/19/1941,PzDiv,32.23784724,55.65924413
7/20/1941,PzDiv,32.44999146,55.57389921
7/20/1941,PzDiv,32.87540349,55.33209689
7/22/1941,PzDiv,32.50448932,55.50449478
7/24/1941,PzDiv,32.75398595,55.52881946
7/24/1941,PzDiv,32.6705359,55.66236555
7/26/1941,PzDiv,32.83089831,55.51820584
7/27/1941,PzDiv,32.84383338,55.51033031
7/29/1941,PzDiv,32.79893576,55.46693193
7/30/1941,PzDiv,32.79101685,55.51451308
8/1/1941,PzDiv,32.76478681,55.45154173
8/1/1941,PzDiv,32.75174888,54.96687728
8/1/1941,PzDiv,32.63674601,54.90925226
8/2/1941,PzDiv,32.72157098,55.43082639
8/4/1941,PzDiv,32.73228562,55.38711179
8/6/1941,PzDiv,32.74343547,55.45428333
8/10/1941,PzDiv,32.08920522,55.47933201
8/12/1941,PzDiv,32.08593183,55.49400113
8/14/1941,PzDiv,32.10849062,55.47916703
8/18/1941,PzDiv,32.09527362,55.46784181
8/20/1941,PzDiv,31.20615211,55.83927672
8/21/1941,PzDiv,30.95697017,55.94234908
8/23/1941,PzDiv,30.88020219,56.27845012
8/24/1941,PzDiv,30.82516104,56.28297246
9/2/1941,PzDiv,32.22048485,56.64702446
9/4/1941,PzDiv,31.92124549,56.64752343
9/6/1941,PzDiv,31.65838015,56.56158737
9/8/1941,PzDiv,31.28641223,56.80797578
7/11/1941,Inf_Div,28.45459472,54.92840045
7/11/1941,Inf_Div,29.20723214,55.37062845
7/12/1941,Inf_Div,28.60376582,54.95036159
7/12/1941,Inf_Div,29.22367677,55.37312208
7/13/1941,Inf_Div,29.1535277,55.19410746
7/13/1941,Inf_Div,29.19653587,55.32359099
7/15/1941,Inf_Div,29.68991504,55.32607784
7/15/1941,Inf_Div,30.22829589,55.17207041
7/16/1941,Inf_Div,30.16371429,55.18810828
7/17/1941,Inf_Div,30.36898,55.12881049
7/17/1941,Inf_Div,30.76822699,55.01815586
7/19/1941,Inf_Div,31.38805858,55.24023124
7/19/1941,Inf_Div,30.90786121,55.07323446
7/20/1941,Inf_Div,31.18779582,55.02066164
7/20/1941,Inf_Div,31.38111869,54.95863227
7/22/1941,Inf_Div,31.71081078,54.89382122
7/22/1941,Inf_Div,31.23371657,54.87974497
7/22/1941,Inf_Div,31.63469274,54.999331999999995
7/24/1941,Inf_Div,31.70611366,54.93151994
7/24/1941,Inf_Div,31.60332724,55.00652706
7/24/1941,Inf_Div,31.37778253,54.99148374
7/26/1941,Inf_Div,31.74839802,54.89673709
7/27/1941,Inf_Div,31.92540005,54.89927699
7/29/1941,Inf_Div,32.08274985,54.92529945
7/30/1941,Inf_Div,32.25292541,54.94890282
8/1/1941,Inf_Div,32.25457609,54.94634582
8/2/1941,Inf_Div,32.287052100000004,54.88774564
8/4/1941,Inf_Div,32.23776346,54.94171149
8/4/1941,Inf_Div,32.43416748,55.27826123
8/6/1941,Inf_Div,32.50155342,55.31414046
8/6/1941,Inf_Div,32.66215093,55.25644812
8/6/1941,Inf_Div,32.77793034,55.28642341
8/10/1941,Inf_Div,32.76372565,55.36860962
8/10/1941,Inf_Div,32.50066543,55.39047934
8/12/1941,Inf_Div,32.75507414,55.41351524
8/14/1941,Inf_Div,32.77208901,55.39665313
8/18/1941,Inf_Div,32.75012496,55.33740521
8/20/1941,Inf_Div,32.80360623,55.32576328
8/21/1941,Inf_Div,32.76058234,55.33832532
8/23/1941,Inf_Div,32.80552571,55.29091853
8/24/1941,Inf_Div,32.79944455,55.31623461
9/2/1941,Inf_Div,32.69041031,55.35877887
9/4/1941,Inf_Div,32.71620272,55.29919458
9/6/1941,Inf_Div,32.64895949,55.31821135
9/8/1941,Inf_Div,32.68458882,55.29284217
9/10/1941,Inf_Div,32.68630251,55.18713864
7/11/1941,Inf_Div,28.356267,55.08917089
7/11/1941,Inf_Div,28.59888369,55.45048267
7/12/1941,Inf_Div,28.613853600000002,55.46768004
7/12/1941,Inf_Div,28.65392017,55.22516251
7/13/1941,Inf_Div,28.80733645,55.2542309
7/15/1941,Inf_Div,28.75228387,55.44622795
7/16/1941,Inf_Div,28.85588882,55.42586201
7/17/1941,Inf_Div,29.11991546,55.3891953
7/19/1941,Inf_Div,29.61241432,55.36732995
7/20/1941,Inf_Div,29.83523387,55.47318896
7/22/1941,Inf_Div,30.10394868,55.30350169
7/22/1941,Inf_Div,30.30637527,55.33894407
7/24/1941,Inf_Div,30.79452612,55.60555264
7/26/1941,Inf_Div,31.258168100000002,55.60988468
7/27/1941,Inf_Div,31.73177903,55.803588899999994
7/29/1941,Inf_Div,31.97824332,55.743951100000004
7/30/1941,Inf_Div,31.88442188,55.77924179
7/30/1941,Inf_Div,32.26937467,55.73877612
7/30/1941,Inf_Div,32.19242948,55.80747655
7/30/1941,Inf_Div,31.95959364,55.90117471
8/1/1941,Inf_Div,31.96059927,55.9418235
8/1/1941,Inf_Div,31.85246394,55.78596226
8/1/1941,Inf_Div,32.28066274,55.76769317
8/1/1941,Inf_Div,32.18690603,55.83568429
8/2/1941,Inf_Div,32.09795964,55.7884683
8/2/1941,Inf_Div,31.91711465,55.91570954
8/2/1941,Inf_Div,31.85374927,55.75933554
8/4/1941,Inf_Div,32.06784907,55.85501008
8/6/1941,Inf_Div,32.25361036,55.7343815
8/6/1941,Inf_Div,32.03255582,55.89357449
8/10/1941,Inf_Div,32.05542447,55.87192299
8/12/1941,Inf_Div,32.07482593,55.87134741
8/14/1941,Inf_Div,32.04672333,55.88885589
8/14/1941,Inf_Div,32.27203351,55.74386593
8/14/1941,Inf_Div,32.34551337,55.70028138
8/18/1941,Inf_Div,32.311594199999995,55.72025281
8/18/1941,Inf_Div,32.24119369,55.76130955
8/18/1941,Inf_Div,32.01323583,55.90520135
8/20/1941,Inf_Div,32.07233441,55.87215876
8/21/1941,Inf_Div,32.03590893,55.89770795
8/23/1941,Inf_Div,32.07090532,55.87550415
8/24/1941,Inf_Div,32.03726796,55.89759662
9/2/1941,Inf_Div,32.00152805,55.88691882
9/4/1941,Inf_Div,32.02723442,55.88406184
9/6/1941,Inf_Div,32.10061183,55.83526463
9/8/1941,Inf_Div,32.24864066,55.74214253
9/10/1941,Inf_Div,32.44408723,55.54688719
7/11/1941,Inf_Div,27.43276136,53.84524674
7/12/1941,Inf_Div,27.68836434,53.94199512
7/13/1941,Inf_Div,27.98982452,54.01093085
7/15/1941,Inf_Div,28.37225692,54.18545337
7/16/1941,Inf_Div,28.92281389,54.26606927
7/17/1941,Inf_Div,29.19178588,54.31639383
7/19/1941,Inf_Div,29.91475653,54.08606443
7/20/1941,Inf_Div,30.41588375,54.05352072
7/22/1941,Inf_Div,30.39196366,54.00391519
7/24/1941,Inf_Div,30.49839632,54.0197017
7/26/1941,Inf_Div,31.09048715,54.08207748
7/27/1941,Inf_Div,31.31000037,54.18036951
7/29/1941,Inf_Div,31.490075,54.24747781
7/30/1941,Inf_Div,31.7009619,54.02241217
8/1/1941,Inf_Div,31.85073271,53.80510017
8/2/1941,Inf_Div,31.97265083,53.71087269
8/2/1941,Inf_Div,31.93825228,53.85392694
8/4/1941,Inf_Div,31.92897727,53.69094101
8/6/1941,Inf_Div,32.01818494,53.72945815
8/10/1941,Inf_Div,31.9142327,53.73608628
8/12/1941,Inf_Div,31.99852545,53.68704765
8/14/1941,Inf_Div,31.96210876,53.67466584
8/18/1941,Inf_Div,31.98620951,53.72771949999999
8/20/1941,Inf_Div,32.87957171,54.02696174
8/21/1941,Inf_Div,32.8470698,54.03784635
8/21/1941,Inf_Div,32.57284507,54.41321327
8/23/1941,Inf_Div,33.04204476,54.36084668
8/23/1941,Inf_Div,32.71166105,54.20870695
8/24/1941,Inf_Div,32.79249541,53.93766149
8/24/1941,Inf_Div,32.736946100000004,54.18227044
8/24/1941,Inf_Div,33.05229982,54.31269105
8/24/1941,Inf_Div,33.02921155,54.36131444
8/24/1941,Inf_Div,33.02345202,54.42931168
9/2/1941,Inf_Div,32.95823612,54.40415786
9/2/1941,Inf_Div,32.98535468,54.50485481
9/2/1941,Inf_Div,32.84831712,54.48213939
9/4/1941,Inf_Div,33.00649456,54.3778542
9/4/1941,Inf_Div,33.09343895,54.50488905
9/4/1941,Inf_Div,32.88130107,54.48082393
9/6/1941,Inf_Div,32.95235887,54.43490933
9/8/1941,Inf_Div,32.98253362,54.53068549
9/10/1941,Inf_Div,32.98564974,54.41623622
7/11/1941,Inf_Div,26.9471191,54.50178713
7/12/1941,Inf_Div,27.06248834,54.50732969
7/13/1941,Inf_Div,27.64680981,54.43583965
7/15/1941,Inf_Div,27.99873871,54.62434174
7/16/1941,Inf_Div,28.20452906,54.76411166
7/17/1941,Inf_Div,28.51351071,54.92018198
7/19/1941,Inf_Div,28.60450666,54.82573312
7/20/1941,Inf_Div,30.36757031,53.65089758
7/20/1941,Inf_Div,28.92139855,54.98115738
7/22/1941,Inf_Div,30.29503167,55.09835055
7/24/1941,Inf_Div,31.26988403,54.94584873
7/24/1941,Inf_Div,31.02581527,55.01515557
7/24/1941,Inf_Div,30.66832592,55.07415912
7/26/1941,Inf_Div,31.74242265,54.82065618
7/27/1941,Inf_Div,31.84306024,54.85493658
7/29/1941,Inf_Div,32.08736783,54.88228703
7/30/1941,Inf_Div,32.27004265,54.87838927
8/1/1941,Inf_Div,32.25635875,54.88102031
8/2/1941,Inf_Div,32.33339276,54.83316641
8/4/1941,Inf_Div,32.50269304,54.81246496
8/6/1941,Inf_Div,32.65716575,54.90754779
8/10/1941,Inf_Div,32.66318779,54.89985357
8/12/1941,Inf_Div,32.65969827,54.88662035
8/14/1941,Inf_Div,32.67741564,54.87021089
8/18/1941,Inf_Div,32.65338938,54.89184422
8/18/1941,Inf_Div,32.68691895,55.22132353
8/20/1941,Inf_Div,32.67121797,54.87700477
8/20/1941,Inf_Div,32.71071177,55.21011035
8/21/1941,Inf_Div,32.45637243,54.76098269
8/21/1941,Inf_Div,32.62672667,55.2142534
8/23/1941,Inf_Div,32.64446335,54.88078334
8/23/1941,Inf_Div,32.69929136,55.22109091
8/24/1941,Inf_Div,32.72692622,55.12505132
8/24/1941,Inf_Div,32.64067035,54.88454838
9/2/1941,Inf_Div,32.63570507,54.90492399
9/4/1941,Inf_Div,32.66764298,54.90411897
9/6/1941,Inf_Div,32.60185267,54.90294427
9/8/1941,Inf_Div,32.641417100000005,54.878821499999994
9/10/1941,Inf_Div,32.64520517,54.76157999
7/12/1941,Inf_Div,28.114863399999997,55.47619855
7/11/1941,Inf_Div,28.27154261,56.04055675
7/12/1941,Inf_Div,28.36877575,56.25095785
7/13/1941,Inf_Div,28.45519432,56.20118017
7/15/1941,Inf_Div,29.41944915,56.34686863
7/16/1941,Inf_Div,29.51735007,56.23858491
7/17/1941,Inf_Div,29.56465536,56.16202625
7/17/1941,Inf_Div,29.4888586,53.58246086
7/19/1941,Inf_Div,29.75494416,56.20333877
7/19/1941,Inf_Div,30.394392600000003,53.7306786
7/20/1941,Inf_Div,29.66738053,56.19974359
7/20/1941,Inf_Div,29.81241172,56.3711434
7/22/1941,Inf_Div,29.80818293,56.55175077
7/22/1941,Inf_Div,30.16250634,56.57789874
7/22/1941,Inf_Div,30.02150061,56.58430294
7/24/1941,Inf_Div,30.18508051,56.7672051
7/26/1941,Inf_Div,30.21332057,56.77150791
7/26/1941,Inf_Div,30.653516399999997,56.88003628
7/27/1941,Inf_Div,30.81831229,56.87881832
7/27/1941,Inf_Div,30.29014387,56.76347491
7/29/1941,Inf_Div,31.17121475,56.89620638
7/30/1941,Inf_Div,31.12402499,56.89527604
8/1/1941,Inf_Div,31.01468902,56.85631556
8/2/1941,Inf_Div,30.97435272,56.85032575
8/4/1941,Inf_Div,31.02606349,56.82852432
8/6/1941,Inf_Div,30.63992131,56.87262339
8/6/1941,Inf_Div,30.89593997,56.88627627
8/6/1941,Inf_Div,31.22501203,56.8958951
8/6/1941,Inf_Div,31.06257742,56.84373499
8/6/1941,Inf_Div,31.24113232,56.80075992
8/10/1941,Inf_Div,30.90510476,56.85013008
8/12/1941,Inf_Div,30.92169048,56.84772608
8/14/1941,Inf_Div,31.01995759,56.85285234
8/18/1941,Inf_Div,30.90167913,56.8636791
8/20/1941,Inf_Div,30.90699593,56.85936028
8/21/1941,Inf_Div,30.8041192,56.86432544
8/23/1941,Inf_Div,31.38313095,56.98578035
8/23/1941,Inf_Div,30.81428288,56.85854671
8/24/1941,Inf_Div,30.915229600000004,56.87260488
9/2/1941,Inf_Div,31.58996002,57.00332651
7/16/1941,Inf_Div,29.50901676,55.82771773
7/11/1941,Inf_Div,26.68463094,53.22236762
7/12/1941,Inf_Div,26.84474894,53.32475169
7/13/1941,Inf_Div,26.81632066,53.287049100000004
7/15/1941,Inf_Div,27.64809414,53.44383654
7/16/1941,Inf_Div,28.00238706,53.49472309
7/17/1941,Inf_Div,28.33576663,53.6102291
7/19/1941,Inf_Div,29.16449301,53.84405531
7/20/1941,Inf_Div,29.37497875,53.91329164
7/22/1941,Inf_Div,30.22042887,53.93074854
7/24/1941,Inf_Div,30.17873949,53.90956094
7/26/1941,Inf_Div,30.31929362,53.90154866
7/27/1941,Inf_Div,30.31749496,53.90348023
7/29/1941,Inf_Div,30.67435372,53.93649103
7/30/1941,Inf_Div,31.05608823,53.99917194
8/1/1941,Inf_Div,31.12164129,54.02725463
8/2/1941,Inf_Div,31.08726946,54.007850600000005
8/4/1941,Inf_Div,32.19561111,54.25727576
8/4/1941,Inf_Div,31.97924677,54.14395821
8/4/1941,Inf_Div,32.97706663,54.63457882
8/6/1941,Inf_Div,32.86034499,54.54453704
8/6/1941,Inf_Div,33.26104027,54.63701475
8/10/1941,Inf_Div,33.17214725,54.68886686
8/12/1941,Inf_Div,33.16556049,54.70871043
8/14/1941,Inf_Div,33.21788419,54.65814008
8/18/1941,Inf_Div,33.19771576,54.67686043
8/20/1941,Inf_Div,33.19457849,54.66740895
8/21/1941,Inf_Div,33.31138063,54.64429567
8/23/1941,Inf_Div,33.31799247,54.64412796
8/23/1941,Inf_Div,33.18163124,54.55279924
8/23/1941,Inf_Div,32.82092747,54.53806808
8/24/1941,Inf_Div,33.33294343,54.6487365
8/24/1941,Inf_Div,32.81844889,54.53921222
9/2/1941,Inf_Div,32.64669067,54.73575315
9/4/1941,Inf_Div,32.67828949,54.73505491
9/6/1941,Inf_Div,32.68694425,54.75879034
9/8/1941,Inf_Div,32.74354953,54.73231629
9/10/1941,Inf_Div,32.74266087,54.61682676
8/10/1941,Inf_Div,32.71255648,55.12966395
7/11/1941,Inf_Div,27.61947281,53.41297767
7/12/1941,Inf_Div,27.88188809,53.47933573
7/13/1941,Inf_Div,28.34113426,53.55299561
7/15/1941,Inf_Div,28.73737024,53.64821686
7/16/1941,Inf_Div,29.15051932,53.68405519
7/19/1941,Inf_Div,30.07701503,53.54467272
7/20/1941,Inf_Div,30.57306779,53.55576719
7/22/1941,Inf_Div,30.75313392,53.47663613
7/24/1941,Inf_Div,30.73384098,53.3952938
7/26/1941,Inf_Div,30.82545657,53.36562869
7/27/1941,Inf_Div,30.82447995,53.37219846
7/29/1941,Inf_Div,30.80012234,53.36628447
7/30/1941,Inf_Div,30.80936994,53.36817265
8/1/1941,Inf_Div,30.80311335,53.38031136
8/2/1941,Inf_Div,30.7315158,53.32289749
8/4/1941,Inf_Div,30.72271229,53.32501362
8/6/1941,Inf_Div,30.69922907,53.32799081
8/10/1941,Inf_Div,30.721273699999998,53.32616809
8/12/1941,Inf_Div,30.73166967,53.15506138
8/12/1941,Inf_Div,30.8038435,53.26853589
8/14/1941,Inf_Div,30.7926679,52.89678199
7/12/1941,Inf_Div,28.69485885,54.86056937
7/16/1941,Inf_Div,30.19466664,53.95836278
7/11/1941,Inf_Div,27.69985721,53.65173478
7/11/1941,Inf_Div,28.479111199999995,56.2885669
7/11/1941,Inf_Div,28.27522403,55.713894599999996
7/12/1941,Inf_Div,28.01016914,53.79716938
7/13/1941,Inf_Div,28.30418081,53.83496617
7/15/1941,Inf_Div,28.72833626,54.04318575
7/16/1941,Inf_Div,29.33586627,54.19835359
7/17/1941,Inf_Div,29.23493886,54.14485753
7/17/1941,Inf_Div,31.07693406,56.09660441
7/19/1941,Inf_Div,29.89527848,53.98044261
7/20/1941,Inf_Div,30.22994379,53.85071865
7/22/1941,Inf_Div,30.28841083,53.84029953
7/24/1941,Inf_Div,30.25007003,53.87636341
7/26/1941,Inf_Div,30.79089039,53.94624866
7/27/1941,Inf_Div,31.067256800000003,53.98965315
7/27/1941,Inf_Div,31.70727611,54.01325642
7/29/1941,Inf_Div,31.65049818,54.00787247
7/29/1941,Inf_Div,31.84439167,53.96726188
7/30/1941,Inf_Div,31.91560077,54.02385392
8/1/1941,Inf_Div,32.36769273,53.98450867
8/1/1941,Inf_Div,32.58897756,53.94529675
8/2/1941,Inf_Div,32.49897204,53.97889322
8/2/1941,Inf_Div,31.03823474,56.07031002
8/4/1941,Inf_Div,32.83588396,53.91440863
8/4/1941,Inf_Div,32.751446,54.00643167
8/10/1941,Inf_Div,32.73905869,54.03253596
8/12/1941,Inf_Div,32.95348844,54.06561017
8/12/1941,Inf_Div,32.74247574,54.06095256
8/14/1941,Inf_Div,33.19161208,54.10004625
8/18/1941,Inf_Div,33.11234302,54.25444928
8/20/1941,Inf_Div,33.14638123,54.23080825
8/20/1941,Inf_Div,33.03210045,54.30045767
8/23/1941,Inf_Div,33.17326093,54.24063167
8/24/1941,Inf_Div,33.16685269,54.24466227
9/2/1941,Inf_Div,33.21334017,54.16802894
9/2/1941,Inf_Div,32.98240604,54.30467654
9/4/1941,Inf_Div,33.23242379,54.17807242
9/6/1941,Inf_Div,33.17713028,54.19048067
9/8/1941,Inf_Div,33.23389918,54.16505792
9/10/1941,Inf_Div,33.24452121,54.06237206
8/23/1941,Inf_Div,31.28543842,56.31664969
7/11/1941,Inf_Div,28.34000641,55.35607151
7/12/1941,Inf_Div,28.41505885,55.47089047
7/13/1941,Inf_Div,28.59919891,55.43881993
7/15/1941,Inf_Div,28.64435307,55.53139394
7/16/1941,Inf_Div,28.86779461,55.49590197
7/17/1941,Inf_Div,28.91733861,55.48325564
7/17/1941,Inf_Div,28.91557581,55.60676049
7/17/1941,Inf_Div,31.50112037,56.03554531
7/19/1941,Inf_Div,28.655948,55.49106786
7/19/1941,Inf_Div,29.69539292,55.55148559
7/19/1941,Inf_Div,29.96815434,55.67745664
7/20/1941,Inf_Div,29.90741363,55.64556394
7/22/1941,Inf_Div,30.25925913,55.64741822
7/24/1941,Inf_Div,30.45076574,55.7600306
7/24/1941,Inf_Div,30.77651957,55.88115378
7/26/1941,Inf_Div,30.90114644,55.87359026
7/27/1941,Inf_Div,31.082656099999998,55.67670382
7/27/1941,Inf_Div,30.90865189,56.01348972
7/29/1941,Inf_Div,31.51032929,55.91020304
7/30/1941,Inf_Div,31.46820859,55.96973485
8/2/1941,Inf_Div,31.4555804,56.00980038
8/4/1941,Inf_Div,31.607685999999998,56.04184381
8/6/1941,Inf_Div,31.59510562,56.05673935
8/10/1941,Inf_Div,31.69740991,56.04749794
8/12/1941,Inf_Div,31.68762744,56.058279799999994
8/14/1941,Inf_Div,31.71061979,56.04494666
8/18/1941,Inf_Div,31.55519324,56.04895344
8/20/1941,Inf_Div,31.57912247,56.04284699
8/21/1941,Inf_Div,31.57477162,56.04832768
8/23/1941,Inf_Div,31.57191295,56.05130975
8/24/1941,Inf_Div,31.57114037,56.05307863
9/2/1941,Inf_Div,31.74677726,55.98943955
9/4/1941,Inf_Div,31.86597192,55.89237839
9/6/1941,Inf_Div,31.88804333,55.94615384
9/8/1941,Inf_Div,32.01990969,55.90112761
9/10/1941,Inf_Div,32.09323586,55.77407568
9/10/1941,Inf_Div,31.80031068,55.89659995
7/11/1941,Inf_Div,27.63810201,54.44154339
7/12/1941,Inf_Div,28.20400867,54.42888949
7/13/1941,Inf_Div,28.31316986,54.3385683
7/15/1941,Inf_Div,28.80310305,54.48469213
7/16/1941,Inf_Div,28.98669386,54.50435297
7/17/1941,Inf_Div,29.30260433,54.60027294
7/19/1941,Inf_Div,29.16915766,54.55566111
7/20/1941,Inf_Div,29.46569926,54.71523397
7/22/1941,Inf_Div,30.46665859,54.90153909
7/24/1941,Inf_Div,31.25020608,54.90526536
7/24/1941,Inf_Div,31.01341959,54.97585297
7/24/1941,Inf_Div,30.68409515,55.02321266
7/27/1941,Inf_Div,31.89742972,54.80429084
7/29/1941,Inf_Div,32.11368741,54.83854543
7/30/1941,Inf_Div,32.27653342,54.824159400000006
8/1/1941,Inf_Div,32.28092515,54.79670744
8/2/1941,Inf_Div,32.23241309,54.75296477
8/4/1941,Inf_Div,32.39878988,54.72486036
8/6/1941,Inf_Div,32.90360686,53.97999683
8/6/1941,Inf_Div,32.79070426,54.09205683
8/6/1941,Inf_Div,32.39711333,55.03666108
8/10/1941,Inf_Div,32.45087869,55.00183403
8/12/1941,Inf_Div,32.65906764,55.05306296
8/14/1941,Inf_Div,32.68093187,55.03055033
8/18/1941,Inf_Div,32.65816531,55.03881871
8/20/1941,Inf_Div,32.6728398,55.02876668
8/21/1941,Inf_Div,32.64758136,55.03698074
8/23/1941,Inf_Div,32.69307818,55.01995023
8/24/1941,Inf_Div,32.68764935,55.02498296
9/2/1941,Inf_Div,32.65904164,55.05945803
9/4/1941,Inf_Div,32.65891436,55.04901992
9/6/1941,Inf_Div,32.60093972,55.04788358
9/8/1941,Inf_Div,32.65282638,55.05243077
9/10/1941,Inf_Div,32.65656531,54.93194382
7/11/1941,Inf_Div,28.62263137,56.72871585
7/11/1941,Inf_Div,29.25827829,55.22675697
7/12/1941,Inf_Div,29.21768366,55.31099819
7/11/1941,Inf_Div,28.78503388,56.74046635
7/12/1941,Inf_Div,28.84904959,56.74665794
7/13/1941,Inf_Div,28.95498688,56.77894544
7/13/1941,Inf_Div,29.03577736,56.82844173
7/15/1941,Inf_Div,29.2494837,56.9965897
7/16/1941,Inf_Div,29.30082209,56.97140727
7/17/1941,Inf_Div,29.29187802,56.94091974
7/19/1941,Inf_Div,29.55701302,57.0195965
7/11/1941,Inf_Div,28.46799194,53.58172448
7/12/1941,Inf_Div,28.86063442,53.61964123
7/12/1941,Inf_Div,29.24046674,53.66633813
7/13/1941,Inf_Div,29.18859173,53.65221042
7/13/1941,Inf_Div,29.76033978,53.60351897
7/15/1941,Inf_Div,30.24721332,53.51147239
7/16/1941,Inf_Div,30.15143244,53.51003722
7/17/1941,Inf_Div,30.17573488,53.50675156
7/19/1941,Inf_Div,30.272476,53.34998469
7/20/1941,Inf_Div,30.2439935,53.25910716
7/20/1941,Inf_Div,30.2888459,53.32846452
7/22/1941,Inf_Div,30.26232052,53.2713261
7/24/1941,Inf_Div,30.14173917,53.22328564
7/26/1941,Inf_Div,30.20727521,53.23463986
7/27/1941,Inf_Div,30.20244495,53.25884768
7/29/1941,Inf_Div,30.12307454,53.25668952
7/30/1941,Inf_Div,30.13994563,53.26183331
8/1/1941,Inf_Div,30.187866800000002,53.25668903
8/2/1941,Inf_Div,30.12017547,53.24417535
8/4/1941,Inf_Div,30.43428779,53.29817748
8/6/1941,Inf_Div,30.43559317,53.27884517
8/10/1941,Inf_Div,30.44446465,53.2797566
8/18/1941,Inf_Div,30.46800816,52.98360015
8/21/1941,Inf_Div,31.62304361,53.01350741
8/21/1941,Inf_Div,31.89431061,52.97012667
8/23/1941,Inf_Div,32.01823398,53.07562329
8/24/1941,Inf_Div,32.2186765,53.10146477
9/2/1941,Inf_Div,33.51022719,53.07554758
9/2/1941,Inf_Div,33.65005012,53.16817409
9/2/1941,Inf_Div,33.55375086,53.27834156
9/4/1941,Inf_Div,33.6472471,53.15253106
9/6/1941,Inf_Div,33.55211581,53.22925388
9/6/1941,Inf_Div,33.25052507,53.27426978
9/8/1941,Inf_Div,33.60847879999999,53.15382028
9/8/1941,Inf_Div,33.59342624,53.31257369
9/8/1941,Inf_Div,33.6196281,53.49392737
9/10/1941,Inf_Div,33.59098265,53.26742279
9/10/1941,Inf_Div,33.60909821,53.12907560000001
9/10/1941,Inf_Div,33.62045372,53.40430657
7/11/1941,Inf_Div,28.30736978,55.90948884
7/12/1941,Inf_Div,28.23345746,55.96370673
7/13/1941,Inf_Div,28.3413686,55.94005407
7/15/1941,Inf_Div,28.36805643,55.97538606
7/16/1941,Inf_Div,28.65788464,56.23780514
7/17/1941,Inf_Div,28.95752833,56.28980088
7/19/1941,Inf_Div,29.49178965,56.388909700000006
7/19/1941,Inf_Div,29.78050954,56.36242572
7/20/1941,Inf_Div,29.68481454,56.48913204
7/20/1941,Inf_Div,29.52210473,56.50152466
7/24/1941,Inf_Div,29.99126489,56.89229405
7/26/1941,Inf_Div,30.420055199999997,56.88851147
7/27/1941,Inf_Div,30.75514918,56.94049353
7/29/1941,Inf_Div,30.87200593,57.02789749
7/29/1941,Inf_Div,30.93688555,56.97376745
7/30/1941,Inf_Div,31.09378144,57.01805119
8/6/1941,Inf_Div,31.36923071,57.05647299
8/14/1941,Inf_Div,31.46867992,57.01201192
8/20/1941,Inf_Div,31.46075431,57.01964336
8/21/1941,Inf_Div,31.21641418,56.88006258
8/21/1941,Inf_Div,31.42470511,57.02094522
8/24/1941,Inf_Div,31.425710600000002,57.02283201
7/11/1941,Inf_Div,28.217319899999996,53.67585339
7/12/1941,Inf_Div,28.63321872,53.75498773
7/12/1941,Inf_Div,28.98425373,53.81138641
7/13/1941,Inf_Div,28.58583696,55.81295256
7/13/1941,Inf_Div,29.16031982,54.04468625
7/13/1941,Inf_Div,29.60391935,53.93091952
7/15/1941,Inf_Div,29.64068474,54.00100901
7/17/1941,Inf_Div,30.20780522,53.612752799999996
7/19/1941,Inf_Div,30.34110338,53.53957317
7/20/1941,Inf_Div,30.50830753,53.70244172
7/20/1941,Inf_Div,30.64104784,53.66440134
7/20/1941,Inf_Div,30.75301352,53.60870482
7/22/1941,Inf_Div,31.09582772,53.58375462
7/22/1941,Inf_Div,31.04613753,53.71414138
7/22/1941,Inf_Div,30.98093037,53.62114531
7/24/1941,Inf_Div,31.13663905,53.4800615
7/26/1941,Inf_Div,31.13332593,53.43680604
7/27/1941,Inf_Div,31.13329332,53.45636352
7/29/1941,Inf_Div,31.13397323,53.45964466
7/30/1941,Inf_Div,31.14556009,53.46021464
8/1/1941,Inf_Div,31.14060906,53.47524942
8/2/1941,Inf_Div,31.11301527,53.46298776
8/4/1941,Inf_Div,31.0720817,53.45660993
8/6/1941,Inf_Div,31.07109667,53.45439572
8/10/1941,Inf_Div,31.10456439,53.45283915
8/12/1941,Inf_Div,31.14927837,53.44532618
8/14/1941,Inf_Div,31.14991309,53.20972136
8/18/1941,Inf_Div,31.07951405,53.02171077
8/18/1941,Inf_Div,31.31766359,53.13474655
8/20/1941,Inf_Div,31.79481401,53.14160321
8/21/1941,Inf_Div,32.28613052,53.32063066
8/23/1941,Inf_Div,32.83917227,53.47550384
8/24/1941,Inf_Div,32.83761254,53.47252686
9/2/1941,Inf_Div,33.63166519,53.56408672
9/4/1941,Inf_Div,33.61397734,53.28796497
9/4/1941,Inf_Div,33.64732233,53.45942285
9/4/1941,Inf_Div,33.65517721,53.67815489
9/6/1941,Inf_Div,33.5600174,53.59828454
9/8/1941,Inf_Div,33.62343426,53.68137456
9/10/1941,Inf_Div,33.62019249,53.58032898
7/11/1941,Inf_Div,28.52044978,54.80502235
7/11/1941,Inf_Div,29.71169417,55.13447672
7/12/1941,Inf_Div,28.99242825,54.89767485
7/15/1941,Inf_Div,30.25759253,54.83060814
7/17/1941,Inf_Div,30.50264712,54.89362526
7/19/1941,Inf_Div,30.75068507,54.9504603
7/20/1941,Inf_Div,30.96181343,54.92319127
7/22/1941,Inf_Div,31.32590843,54.73171657
7/22/1941,Inf_Div,31.25062316,54.77645779
7/24/1941,Inf_Div,31.2694489,54.78328702
7/26/1941,Inf_Div,31.93627502,54.95204079
7/27/1941,Inf_Div,31.95826972,54.9735595
7/29/1941,Inf_Div,32.07774633,54.96840208
7/30/1941,Inf_Div,32.19726288,55.0126533
8/1/1941,Inf_Div,32.17796693,54.98924338
8/2/1941,Inf_Div,32.24474442,54.93922051
8/4/1941,Inf_Div,32.35592812,54.94588484
8/6/1941,Inf_Div,32.2124916,55.03581688
8/12/1941,Inf_Div,32.77192122,55.33816302
8/12/1941,Inf_Div,32.50300435,55.40547356
8/14/1941,Inf_Div,32.52264435,55.38596141
8/14/1941,Inf_Div,32.79236155,55.32587938
8/18/1941,Inf_Div,32.73123208,55.41461737
8/20/1941,Inf_Div,32.7569355,55.39660087
8/21/1941,Inf_Div,32.73533589,55.44622637
8/23/1941,Inf_Div,32.75263088,55.39390114
8/24/1941,Inf_Div,32.75067252,55.39935139
9/2/1941,Inf_Div,32.68641577,55.4273076
9/4/1941,Inf_Div,32.71838096,55.40543515
9/6/1941,Inf_Div,32.65112138,55.42282028
9/8/1941,Inf_Div,32.67039913,55.40665633
7/26/1941,Inf_Div,29.29219896,57.02510923
8/18/1941,Inf_Div,30.73922686,56.22644025
7/15/1941,Inf_Div,29.70654608,53.62758729
8/12/1941,Inf_Div,30.474041600000003,53.24826339
8/14/1941,Inf_Div,30.36300217,53.12349108
7/11/1941,Inf_Div,27.99581926,53.2249833
7/11/1941,Inf_Div,28.99938627,53.452325
7/12/1941,Inf_Div,29.15433625,53.46342728
7/13/1941,Inf_Div,29.43594225,53.39044870000001
7/15/1941,Inf_Div,29.83477005,53.20394799
7/16/1941,Inf_Div,29.85254196,53.19096656
7/19/1941,Inf_Div,29.88708155,53.25945217
7/20/1941,Inf_Div,29.94801413,53.14249808
7/22/1941,Inf_Div,29.9408792,53.20552301
7/26/1941,Inf_Div,29.90544372,53.18706974
7/27/1941,Inf_Div,29.86950715,53.22182821
7/29/1941,Inf_Div,29.86937677,53.23397443
7/30/1941,Inf_Div,29.88002486,53.23690359
8/1/1941,Inf_Div,29.960816700000002,53.22724749
8/2/1941,Inf_Div,29.91251241,53.17010801
8/10/1941,Inf_Div,29.92700036,53.15097042
8/12/1941,Inf_Div,29.9476787,53.14124784
8/14/1941,Inf_Div,29.90101607,53.12820262
9/2/1941,Inf_Div,32.71077463,53.40172417
9/4/1941,Inf_Div,33.30836115,53.52256032
9/6/1941,Inf_Div,33.40612859,53.50532683
9/8/1941,Inf_Div,33.43996148,53.51072391
9/10/1941,Inf_Div,33.44051638,53.450472600000005
7/11/1941,Inf_Div,29.04464034,53.24304556
7/12/1941,Inf_Div,29.683877000000003,52.88907306
7/11/1941,Inf_Div,27.59807425,53.53820616
7/12/1941,Inf_Div,28.097174,53.69239771
7/13/1941,Inf_Div,28.03148836,53.67265296
7/15/1941,Inf_Div,28.7888598,53.80600584
7/16/1941,Inf_Div,29.30680954,53.89390609
7/17/1941,Inf_Div,29.57065747,53.88779008
7/19/1941,Inf_Div,29.93365284,53.68164578
7/22/1941,Inf_Div,30.48302076,53.88103317
7/24/1941,Inf_Div,30.43133868,53.88094708
7/27/1941,Inf_Div,30.96825018,53.83853157
7/29/1941,Inf_Div,31.46038336,53.85498799
7/29/1941,Inf_Div,31.73547305,53.92075498
7/30/1941,Inf_Div,31.82555948,53.93190689
8/1/1941,Inf_Div,32.2397141,53.93968549
8/2/1941,Inf_Div,32.50090319,53.89938403
8/4/1941,Inf_Div,32.61963116,53.83409402
8/6/1941,Inf_Div,32.5915036,53.82867828
8/10/1941,Inf_Div,32.66596819,53.68928602
8/10/1941,Inf_Div,32.84835459,53.51441452
8/12/1941,Inf_Div,32.85259351,53.52520329
8/12/1941,Inf_Div,32.67623889,53.70379246
8/12/1941,Inf_Div,32.81064399,53.88477281
8/14/1941,Inf_Div,32.82601923,53.87161433
8/18/1941,Inf_Div,32.6635906,54.41937049
8/20/1941,Inf_Div,32.74178341,54.51543524
8/21/1941,Inf_Div,33.02023043,54.43184683
8/21/1941,Inf_Div,33.13843144,54.67711978
8/23/1941,Inf_Div,33.01512773,54.4766796
8/23/1941,Inf_Div,33.14014223,54.67402395
8/24/1941,Inf_Div,33.0100449,54.48498951
8/24/1941,Inf_Div,33.15280569,54.68168826
9/2/1941,Inf_Div,33.17571679,54.67798057
9/4/1941,Inf_Div,33.1890484,54.67978657
9/6/1941,Inf_Div,32.93623112,54.59484099
9/6/1941,Inf_Div,32.72291886,54.55898203
9/8/1941,Inf_Div,32.9608223,54.59634225
9/10/1941,Inf_Div,32.96338643,54.48186113
7/22/1941,Inf_Div,29.91217292,55.86647422
7/12/1941,Inf_Div,28.64612131,55.6944876
7/13/1941,Inf_Div,28.63539448,55.63172542
7/15/1941,Inf_Div,28.77716195,55.56255735
7/16/1941,Inf_Div,29.09223929,55.59900535
7/17/1941,Inf_Div,29.41601843,55.62873296
7/19/1941,Inf_Div,29.63444498,55.7437663
7/20/1941,Inf_Div,29.90829589,55.85933905
7/24/1941,Inf_Div,30.40324664,56.11644835
7/24/1941,Inf_Div,30.52370917,56.168949
7/24/1941,Inf_Div,30.53682748,56.13060802
7/26/1941,Inf_Div,30.70625589,56.14357753
7/27/1941,Inf_Div,30.84934082,56.19833746
7/29/1941,Inf_Div,30.74601202,56.20034814
7/30/1941,Inf_Div,30.77900607,56.17191637
8/1/1941,Inf_Div,30.74930971,56.2233777
8/2/1941,Inf_Div,30.71469636,56.20784089
8/4/1941,Inf_Div,30.74053625,56.17692808
8/6/1941,Inf_Div,30.69296459,56.2230147
8/10/1941,Inf_Div,30.74763664,56.23541757
8/12/1941,Inf_Div,30.80616414,56.21009909
8/14/1941,Inf_Div,30.82228185,56.19898505
8/20/1941,Inf_Div,30.74764187,56.22479344
8/21/1941,Inf_Div,30.64872762,56.21591858
8/23/1941,Inf_Div,30.72352997,56.20849127
8/24/1941,Inf_Div,30.68271924,56.19826945
9/2/1941,Inf_Div,31.41516007,56.48794305
9/4/1941,Inf_Div,31.42944497,56.48686309
9/6/1941,Inf_Div,31.73046781,56.1206155
9/8/1941,Inf_Div,31.90207174,56.56521473
9/8/1941,Inf_Div,31.52682182,55.86534309
9/10/1941,Inf_Div,31.60486013,55.34386676
7/29/1941,Inf_Div,27.34078291,53.75509046
7/30/1941,Inf_Div,27.45145312,53.83297368
8/1/1941,Inf_Div,28.4834088,53.15018718
8/1/1941,Inf_Div,29.0176771,53.24524046
8/1/1941,Inf_Div,27.56996894,53.53667596
8/2/1941,Inf_Div,28.99115502,53.4396057
8/2/1941,Inf_Div,27.59130254,53.52690117
8/2/1941,Inf_Div,28.48915548,53.14874729
8/2/1941,Inf_Div,29.06083391,53.28335806
8/4/1941,Inf_Div,28.66290449,53.29797109
8/4/1941,Inf_Div,27.85709936,53.61757895
8/6/1941,Inf_Div,28.65726378,53.29803852
8/6/1941,Inf_Div,27.81657616,53.63572419
8/8/1941,Inf_Div,28.49100997,53.36577765
8/10/1941,Inf_Div,27.82808061,54.23620261
8/10/1941,Inf_Div,28.51078661,53.39220861
8/10/1941,Inf_Div,27.09291808,53.73108908
8/12/1941,Inf_Div,28.79054098,53.27785843
8/12/1941,Inf_Div,27.03448377,53.72317794
8/12/1941,Inf_Div,27.81897541,54.23100417
8/14/1941,Inf_Div,28.76881499,53.27558056
8/14/1941,Inf_Div,27.44040466,54.01937117
8/18/1941,Inf_Div,28.90620598,53.20709555
8/18/1941,Inf_Div,27.43982162,53.99223595
8/20/1941,Inf_Div,27.47931625,53.95588282
8/21/1941,Inf_Div,27.93742189,54.03024615
8/21/1941,Inf_Div,27.56453302,53.91011086
8/23/1941,Inf_Div,32.02140801,54.92909006
8/24/1941,Inf_Div,32.0615012,54.87631522
9/2/1941,Inf_Div,32.69607861,55.2269209
9/4/1941,Inf_Div,32.72434127,55.22787978
9/6/1941,Inf_Div,32.63670503,55.22260131
9/8/1941,Inf_Div,32.66896369,55.22196637
9/10/1941,Inf_Div,32.6742197,55.10138278
7/15/1941,Inf_Div,29.97842293,54.43660352
7/15/1941,Inf_Div,26.90667853,55.15492435
7/16/1941,Inf_Div,26.903390299999998,55.13752879
7/17/1941,Inf_Div,27.892074400000002,55.36435339
7/19/1941,Inf_Div,28.21761353,55.57446869
7/20/1941,Inf_Div,28.56951506,55.78725449
7/22/1941,Inf_Div,28.61659658,56.30647475
7/24/1941,Inf_Div,28.88573691,56.77477313
7/24/1941,Inf_Div,28.88406911,56.77463327
7/27/1941,Inf_Div,29.33885565,57.0492789
7/17/1941,Inf_Div,27.15327718,55.04538239
7/19/1941,Inf_Div,27.065458500000002,55.15362809
7/22/1941,Inf_Div,27.02185558,55.13570429
7/24/1941,Inf_Div,27.03779828,55.10836948
7/26/1941,Inf_Div,26.55002222,55.15514452
7/29/1941,Inf_Div,27.01402931,55.21491667
7/30/1941,Inf_Div,26.78865702,55.20860116
8/1/1941,Inf_Div,27.53677645,55.19516747
8/2/1941,Inf_Div,27.56186862,55.1746914
8/4/1941,Inf_Div,27.8812979,55.36674864
8/6/1941,Inf_Div,27.88117189,55.36637769
8/6/1941,Inf_Div,27.89387632,55.23234874
8/6/1941,Inf_Div,27.67521066,55.15075421
8/6/1941,Inf_Div,28.42288134,55.44063815
8/10/1941,Inf_Div,29.52144055,55.95595161
8/18/1941,Inf_Div,30.91278424,55.89680324
8/20/1941,Inf_Div,31.01876037,56.09976646
8/21/1941,Inf_Div,31.01593398,56.14636886
8/23/1941,Inf_Div,31.20268521,56.35113388
8/24/1941,Inf_Div,31.1209847,56.36594432
8/24/1941,Inf_Div,31.10747867,56.40549641
8/24/1941,Inf_Div,31.02975503,56.34330153
9/2/1941,Inf_Div,32.17652582,56.50011404
9/4/1941,Inf_Div,32.2180751,56.5010324
9/6/1941,Inf_Div,32.0912697,56.52312378
9/8/1941,Inf_Div,32.1944284,56.53492804
9/10/1941,Inf_Div,32.19857443,56.4749269
7/11/1941,Inf_Div,27.73266555,55.41543476
7/12/1941,Inf_Div,27.70039489,55.43886192
7/13/1941,Inf_Div,27.57426572,55.37474611
7/15/1941,Inf_Div,28.24274397,55.61270988
7/16/1941,Inf_Div,28.24033292,55.58303023
7/17/1941,Inf_Div,28.661444300000003,55.58306467
7/19/1941,Inf_Div,28.85280037,55.43148575
7/20/1941,Inf_Div,29.22165321,55.37853158
7/22/1941,Inf_Div,30.13048375,55.18590816
7/22/1941,Inf_Div,30.38286153,55.23450683
7/22/1941,Inf_Div,30.50943769,55.26469702
7/24/1941,Inf_Div,30.85772632,55.32857032
7/26/1941,Inf_Div,31.61246871,55.46061091
7/27/1941,Inf_Div,32.21424636,55.39012066
7/27/1941,Inf_Div,31.811833399999998,55.50422298
7/29/1941,Inf_Div,32.47555316,55.501079700000005
7/29/1941,Inf_Div,32.77790593,55.52716144
7/30/1941,Inf_Div,32.73382873,55.58056216
7/30/1941,Inf_Div,32.61838363,55.44627546
8/1/1941,Inf_Div,32.73935509,55.52345259
8/2/1941,Inf_Div,32.69332944,55.49840057
8/4/1941,Inf_Div,32.72347476,55.50953808
8/6/1941,Inf_Div,32.67794865,55.53428739
8/10/1941,Inf_Div,32.67988666,55.51047052
8/12/1941,Inf_Div,32.67984148,55.52241497
8/14/1941,Inf_Div,32.6990434,55.50464153
8/18/1941,Inf_Div,32.67136487,55.52762166
8/20/1941,Inf_Div,32.68308733,55.51785094
8/21/1941,Inf_Div,32.68085461,55.56041347
8/23/1941,Inf_Div,32.63194584,55.51529378
8/24/1941,Inf_Div,32.64421649,55.50575645
9/2/1941,Inf_Div,32.63404358,55.50614271
9/4/1941,Inf_Div,32.66396875,55.5075432
9/6/1941,Inf_Div,32.59446174,55.52113272
9/8/1941,Inf_Div,32.66889659,55.49221201
9/10/1941,Inf_Div,32.67463816,55.37721126
7/11/1941,Inf_Div,28.06266435,55.3894302
7/13/1941,Inf_Div,28.16349388,55.49343601
7/15/1941,Inf_Div,28.81023867,55.69913212
7/16/1941,Inf_Div,29.28708546,55.75959924
7/16/1941,Inf_Div,29.16976029,55.69762751
7/17/1941,Inf_Div,29.24099721,55.77566912
7/17/1941,Inf_Div,29.48119651,55.85624859
7/19/1941,Inf_Div,29.39814552,55.82391883
7/19/1941,Inf_Div,29.74215418,55.92119203
7/20/1941,Inf_Div,29.87469349,55.98095415
7/22/1941,Inf_Div,29.81332075,56.07718216
7/24/1941,Inf_Div,30.38904118,56.18073237
7/26/1941,Inf_Div,30.568981400000002,56.22305376
7/27/1941,Inf_Div,30.5552406,56.24022347
7/29/1941,Inf_Div,30.53916096,56.25585907
7/30/1941,Inf_Div,30.54634431,56.22835538
8/1/1941,Inf_Div,30.56067523,56.25309522
8/2/1941,Inf_Div,30.53144446,56.23228033
8/4/1941,Inf_Div,30.59772378,56.23482835
8/6/1941,Inf_Div,30.53519726,56.25801984
8/12/1941,Inf_Div,30.6311279,56.23578204
8/14/1941,Inf_Div,30.63497839,56.23728267
8/18/1941,Inf_Div,30.82969494,56.02002718
8/20/1941,Inf_Div,30.83930964,56.01552416
8/21/1941,Inf_Div,30.90659241,56.14529053
8/23/1941,Inf_Div,30.98506686,56.20370476
8/24/1941,Inf_Div,30.78157141,56.24872235
9/2/1941,Inf_Div,31.81045385,56.2094103
9/4/1941,Inf_Div,31.99920886,56.237551399999994
9/6/1941,Inf_Div,32.09193113,56.21707725
9/8/1941,Inf_Div,31.68301337,56.236245700000005
9/10/1941,Inf_Div,31.82745429,56.09736639
7/11/1941,Inf_Div,25.32921642,53.07739768
7/17/1941,Inf_Div,27.38983847,53.0119613
7/19/1941,Inf_Div,28.43250992,53.03125072
7/20/1941,Inf_Div,28.869987,52.98648417
7/20/1941,Inf_Div,28.99026647,53.03717463
7/22/1941,Inf_Div,29.58884723,53.21824127
7/24/1941,Inf_Div,30.52411851,53.52203125
7/26/1941,Inf_Div,30.58518936,53.32872957
7/27/1941,Inf_Div,30.55940337,53.36455009
7/29/1941,Inf_Div,30.55092475,53.32214451
7/30/1941,Inf_Div,30.57667089,53.32280848
8/1/1941,Inf_Div,30.50899092,53.3277743
8/2/1941,Inf_Div,30.48638682,53.31625402
8/4/1941,Inf_Div,30.57431073,53.2942373
8/6/1941,Inf_Div,30.55298971,53.300803599999995
8/10/1941,Inf_Div,30.56892711,53.30193827
8/12/1941,Inf_Div,30.59520568,53.19907852
8/14/1941,Inf_Div,30.54296808,52.98330808
8/10/1941,Inf_Div,30.60764224,56.23363746
7/11/1941,Inf_Div,28.24622343,55.96112381
7/12/1941,Inf_Div,28.44757773,56.100772
7/15/1941,Inf_Div,28.87246922,56.31219772
7/17/1941,Inf_Div,29.511111600000003,56.41680443
7/19/1941,Inf_Div,29.73138675,56.58129576
7/20/1941,Inf_Div,29.31414762,56.61016258
7/22/1941,Inf_Div,29.62480708,56.66592551
7/22/1941,Inf_Div,29.79720987,56.75094852
7/26/1941,Inf_Div,29.78406505,57.00266036
7/11/1941,Inf_Div,28.44471928,56.36700796
7/11/1941,Inf_Div,28.83223685,56.50591039
7/12/1941,Inf_Div,28.66667979,56.47498736
7/13/1941,Inf_Div,28.717876899999997,56.55480042
7/15/1941,Inf_Div,29.1614575,56.81570247
7/15/1941,Inf_Div,28.84153645,56.87293916
7/16/1941,Inf_Div,28.96246012,56.73388312
7/16/1941,Inf_Div,28.73221878,56.723949899999994
7/16/1941,Inf_Div,28.91528197,56.93162379
7/16/1941,Inf_Div,28.86764438,57.06045007
7/17/1941,Inf_Div,28.88242282,56.9026255
7/17/1941,Inf_Div,28.69635427,56.71787962
7/17/1941,Inf_Div,29.16915235,56.80251139999999
7/19/1941,Inf_Div,29.15687811,56.89576271
7/19/1941,Inf_Div,29.19229022,57.02174696
7/20/1941,Inf_Div,29.56143787,56.86492551
7/20/1941,Inf_Div,29.06502803,57.03719932
7/11/1941,Inf_Div,28.51144037,56.26343835
7/12/1941,Inf_Div,28.60696354,56.27251259
7/13/1941,Inf_Div,29.08087215,56.29464768
7/15/1941,Inf_Div,29.32139192,56.5326868
7/16/1941,Inf_Div,29.34698359,56.64865622
7/16/1941,Inf_Div,29.3984617,56.77407475
7/17/1941,Inf_Div,29.41653868,56.71218774
7/17/1941,Inf_Div,29.40694707,56.76769221
7/19/1941,Inf_Div,29.64915775,57.00116386
7/19/1941,Inf_Div,29.77599202,56.91616133
7/20/1941,Inf_Div,29.74620648,57.00159558
7/22/1941,Inf_Div,30.02288015,56.84498119
7/22/1941,Inf_Div,29.92489967,57.00705832
7/26/1941,Inf_Div,30.24410365,56.91817178
7/27/1941,Inf_Div,30.49836284,56.99452979
7/29/1941,Inf_Div,30.74462589,57.06834101
7/11/1941,Inf_Div,28.48528308,56.93033614
7/17/1941,Inf_Div,29.36488719,57.01914886
7/17/1941,Inf_Div,29.23948697,57.11173411
7/17/1941,Inf_Div,28.95100404,57.12657079
7/17/1941,Inf_Div,28.93333757,57.00279466
7/13/1941,Inf_Div,28.50251589,56.08108048
7/16/1941,Inf_Div,29.12773938,56.32679429
7/20/1941,Inf_Div,29.94108323,55.15399704
7/11/1941,Inf_Div,27.33026398,54.85380304
7/12/1941,Inf_Div,27.70638812,54.92810261
7/13/1941,Inf_Div,28.17715048,54.89443927
7/15/1941,Inf_Div,28.61038707,54.94849486
7/16/1941,Inf_Div,28.85071656,54.96318539999999
7/17/1941,Inf_Div,29.30042702,55.02889628
7/19/1941,Inf_Div,29.61612063,55.07240618
7/22/1941,Inf_Div,30.83702226,55.30249226
7/22/1941,Inf_Div,31.51682306,55.27173767
7/22/1941,Inf_Div,31.23712549,55.29321514
7/24/1941,Inf_Div,31.72309569,55.20824971
7/26/1941,Inf_Div,32.150649800000004,54.98190636
7/27/1941,Inf_Div,32.21110817,54.97901522
7/29/1941,Inf_Div,32.28278441,54.98899207
7/30/1941,Inf_Div,32.33993113,55.00398209
8/1/1941,Inf_Div,32.28818358,54.98515696
8/2/1941,Inf_Div,32.36999899,54.92103687
8/4/1941,Inf_Div,32.52875707,54.873036899999995
8/6/1941,Inf_Div,32.38685675,55.20605210000001
8/6/1941,Inf_Div,32.48509246,55.46044891
8/6/1941,Inf_Div,32.72515089,55.67900959
8/10/1941,Inf_Div,32.69165066,55.67487567
8/12/1941,Inf_Div,32.60524964,55.71893383
8/14/1941,Inf_Div,32.62619836,55.69903083
8/18/1941,Inf_Div,32.59805345,55.71970501
8/20/1941,Inf_Div,32.60450622,55.70500072
8/21/1941,Inf_Div,32.54584582,55.73101436
8/23/1941,Inf_Div,32.57686784,55.70817468
8/24/1941,Inf_Div,32.5663795,55.71301847
9/2/1941,Inf_Div,32.38202825,55.64150312
9/4/1941,Inf_Div,32.40818639,55.64275012
9/6/1941,Inf_Div,32.34210759,55.65687847
9/8/1941,Inf_Div,32.50317961,55.62720787
9/10/1941,Inf_Div,32.3542376,55.361029099999996
7/29/1941,Inf_Div,32.94472407,54.44340572
7/11/1941,Inf_Div,27.34793896,53.14328789
7/12/1941,Inf_Div,27.6540429,53.30009844
7/16/1941,Inf_Div,28.88345054,52.7236289
7/16/1941,Inf_Div,28.89109148,53.09346977
7/16/1941,Inf_Div,28.71804064,52.9069666
7/26/1941,Inf_Div,29.5244146,53.12505149
7/27/1941,Inf_Div,29.54285684,53.33706675
7/29/1941,Inf_Div,30.19705171,53.51596069
7/30/1941,Inf_Div,30.22416951,53.517578799999995
8/1/1941,Inf_Div,30.86144531,53.50926284
8/2/1941,Inf_Div,30.9262223,53.37833951
8/4/1941,Inf_Div,30.88096653,53.37633196
8/4/1941,Inf_Div,30.45250288,53.48826513
8/6/1941,Inf_Div,30.871335600000002,53.38014808
8/6/1941,Inf_Div,30.51419762,53.49928303
8/10/1941,Inf_Div,30.89165365,53.37054617
8/10/1941,Inf_Div,30.50021114,53.50663776
8/12/1941,Inf_Div,30.92786026,53.35444505
8/12/1941,Inf_Div,30.5103142,53.50545546
7/11/1941,Inf_Div,27.34133435,52.98432851
7/12/1941,Inf_Div,27.7547494,53.1081772
7/13/1941,Inf_Div,28.21965031,53.09431734
7/15/1941,Inf_Div,28.76855835,52.97007486
7/16/1941,Inf_Div,29.16908462,52.97692948
7/16/1941,Inf_Div,28.96250227,52.80684062
7/16/1941,Inf_Div,30.03707056,53.74850357
7/17/1941,Inf_Div,29.03879475,52.97405152
7/19/1941,Inf_Div,29.18908709,52.96489489
7/24/1941,Inf_Div,29.18576073,53.101121299999996
8/14/1941,Inf_Div,30.16360351,52.65709529
7/11/1941,Inf_Div,27.93866407,54.21469601
7/11/1941,Inf_Div,28.74528428,54.33251493
7/12/1941,Inf_Div,28.46652399,54.15641887
7/12/1941,Inf_Div,28.49304698,54.25709231
7/13/1941,Inf_Div,28.84305561,54.26677995
7/15/1941,Inf_Div,28.44284776,53.1830989
7/15/1941,Inf_Div,29.48811519,54.37886452
7/15/1941,Inf_Div,30.28024581,54.62734346
7/16/1941,Inf_Div,29.63113018,54.39248257
7/16/1941,Inf_Div,30.39789362,54.54254386
7/17/1941,Inf_Div,30.47726463,54.51622022
7/19/1941,Inf_Div,30.68958764,54.462756799999994
7/20/1941,Inf_Div,30.79945143,54.48245726
7/22/1941,Inf_Div,31.23501501,54.50989514
7/24/1941,Inf_Div,32.11679008,54.80720774
7/26/1941,Inf_Div,32.06421553,54.78978615
7/27/1941,Inf_Div,32.05784402,54.80143106
7/29/1941,Inf_Div,32.26908594,54.64019064
7/29/1941,Inf_Div,32.11747729,54.77017774
7/30/1941,Inf_Div,32.94438628,54.44027491
7/30/1941,Inf_Div,32.76181265,54.538258400000004
8/1/1941,Inf_Div,32.88659867,54.4833915
8/2/1941,Inf_Div,33.0463157,54.33298292
8/4/1941,Inf_Div,33.05443274,54.19558746
8/6/1941,Inf_Div,33.26321911,54.14167834
8/6/1941,Inf_Div,33.27478904,54.04239499
8/6/1941,Inf_Div,33.13216076,54.25828044
8/6/1941,Inf_Div,33.04840832,54.28660522
8/6/1941,Inf_Div,33.00401404,54.32603963
8/6/1941,Inf_Div,32.98890512,54.37949845
8/10/1941,Inf_Div,33.24594393,54.09460985
8/12/1941,Inf_Div,33.24785953,54.06751236
8/14/1941,Inf_Div,33.16111021,54.15380069
8/14/1941,Inf_Div,30.85279539,53.09350049
8/14/1941,Inf_Div,30.71882425,53.11001519
8/18/1941,Inf_Div,32.94632214,54.69408533
8/20/1941,Inf_Div,32.95481529,54.68483541
8/21/1941,Inf_Div,32.92606089,54.67595974
8/23/1941,Inf_Div,32.93061849,54.67423778
8/24/1941,Inf_Div,32.91592214,54.68004555
9/2/1941,Inf_Div,32.79413547,54.70741533
9/4/1941,Inf_Div,32.82468465,54.70854668
9/6/1941,Inf_Div,32.31067719,54.57810659
9/8/1941,Inf_Div,32.39570946,54.57087908
9/10/1941,Inf_Div,32.40054005,54.45915333
7/24/1941,Inf_Div,31.79585532,54.72358315
7/11/1941,Inf_Div,27.0722076,54.244613
7/12/1941,Inf_Div,27.04293339,54.26189854
7/13/1941,Inf_Div,27.15009687,54.23126681
7/15/1941,Inf_Div,27.00084986,54.29233153
7/16/1941,Inf_Div,26.96785773,54.24439718
7/17/1941,Inf_Div,28.70958068,54.8218108
7/19/1941,Inf_Div,26.92524155,54.24636398
7/20/1941,Inf_Div,26.92305408,54.30072548
7/22/1941,Inf_Div,26.92248423,54.30453903
7/24/1941,Inf_Div,26.96730352,54.2523061
7/26/1941,Inf_Div,26.91272843,54.24470975
7/29/1941,Inf_Div,27.76784286,54.28206591
7/30/1941,Inf_Div,28.37021724,54.25938814
8/1/1941,Inf_Div,32.21259217,55.25003885
8/2/1941,Inf_Div,32.34470453,55.18228570000001
8/2/1941,Inf_Div,29.43905122,54.34996973
8/4/1941,Inf_Div,30.73544502,54.68151354
8/4/1941,Inf_Div,32.41577028,55.147062899999995
8/6/1941,Inf_Div,31.26958682,54.70338398
8/6/1941,Inf_Div,32.65548778,55.06579875
8/12/1941,Inf_Div,32.7499757,55.18917439999999
8/14/1941,Inf_Div,32.7696092,55.17055205
8/18/1941,Inf_Div,32.70819331,55.14241807
8/20/1941,Inf_Div,32.72620643,55.12855701
8/21/1941,Inf_Div,32.69965519,55.15312665
8/23/1941,Inf_Div,32.70652099,55.17834147
8/24/1941,Inf_Div,32.41559565,55.1327779
9/2/1941,Inf_Div,32.68499855,55.28788173
9/2/1941,Inf_Div,32.74179574,55.12085452
9/2/1941,Inf_Div,32.62776831,55.09612658
9/2/1941,Inf_Div,32.4065691,55.10855351
9/4/1941,Inf_Div,32.73441621,55.12310399
9/4/1941,Inf_Div,32.43887276,55.10722774
9/6/1941,Inf_Div,32.21026354,55.20020255
9/8/1941,Inf_Div,32.26811734,55.15849427
9/10/1941,Inf_Div,32.27331479,55.04173393
7/24/1941,Inf_Div,28.76717933,53.03996850000001
7/26/1941,Inf_Div,26.74740051,53.08757541
7/27/1941,Inf_Div,28.82167953,52.99236108
7/29/1941,Inf_Div,28.59564768,53.07400452
7/30/1941,Inf_Div,28.63845756,53.08600376
8/1/1941,Inf_Div,28.46780233,52.95798986
8/2/1941,Inf_Div,28.47002327,52.95773782
8/2/1941,Inf_Div,28.71229526,52.88994675
8/6/1941,Inf_Div,28.60519856,52.89725751
8/12/1941,Inf_Div,29.19950964,53.06103224
8/12/1941,Inf_Div,29.22936824,53.14314794
8/12/1941,Inf_Div,28.91610491,53.10240004
8/12/1941,Inf_Div,29.47689727,53.30118075
8/14/1941,Inf_Div,29.82356544,53.5311905
8/18/1941,Inf_Div,30.98085247,53.51236467
8/20/1941,Inf_Div,31.27065153,53.53582062
8/21/1941,Inf_Div,31.6185374,53.67792422
8/23/1941,Inf_Div,32.15461594,53.73152248
8/24/1941,Inf_Div,32.10867948,53.74026903
9/2/1941,Inf_Div,32.16382346,54.85843776
9/2/1941,Inf_Div,32.03564495,54.79806825
9/4/1941,Inf_Div,32.16424333,54.8457517
9/6/1941,Inf_Div,32.27803079,54.88643259
9/8/1941,Inf_Div,32.67223958,54.97253283
9/10/1941,Inf_Div,32.67550329,54.85440427
7/11/1941,Inf_Div,27.55685593,53.21322386
7/12/1941,Inf_Div,28.71248859,53.32147635
7/13/1941,Inf_Div,28.91802756,53.41738519
7/15/1941,Inf_Div,28.93159993,53.23497086
7/16/1941,Inf_Div,29.01848643,53.27638011
7/17/1941,Inf_Div,29.01924114,53.27996765
7/17/1941,Inf_Div,26.99843847,54.2749399
7/19/1941,Inf_Div,29.13344351,53.18037868
7/20/1941,Inf_Div,29.4063192,53.12449482
7/22/1941,Inf_Div,29.69169839,53.26989353
7/24/1941,Inf_Div,29.680979999999998,53.24274109
7/26/1941,Inf_Div,29.66163255,53.25280332
7/27/1941,Inf_Div,29.91582908,53.12932358
7/27/1941,Inf_Div,29.68446084,53.02190904
7/27/1941,Inf_Div,29.67168389,53.12719855
7/29/1941,Inf_Div,29.91503493,53.145371999999995
7/29/1941,Inf_Div,29.68878966,53.02850488
7/29/1941,Inf_Div,29.67340069,53.13451271
7/30/1941,Inf_Div,29.92604658,53.14663558
7/30/1941,Inf_Div,29.67975809,53.14136658
7/30/1941,Inf_Div,29.6952114,53.03651228
8/1/1941,Inf_Div,29.92132016,53.17113074
8/1/1941,Inf_Div,29.43613975,54.36002759
8/1/1941,Inf_Div,29.818538,53.36960755
8/2/1941,Inf_Div,29.81802257,53.39538474
8/4/1941,Inf_Div,30.15502487,53.26746205
8/6/1941,Inf_Div,30.19639599,53.26323986
8/10/1941,Inf_Div,30.72041917,53.47106008
8/12/1941,Inf_Div,30.75060412,53.31031935
8/12/1941,Inf_Div,30.74083746,53.43090291
8/14/1941,Inf_Div,30.95830267,52.92704509
8/24/1941,Inf_Div,32.29094353,53.00426459
9/2/1941,Inf_Div,33.16306124,53.00106174
9/4/1941,Inf_Div,33.54509986,52.92857867
9/4/1941,Inf_Div,33.55537711,53.03792803
9/4/1941,Inf_Div,33.20475685,53.00278494
9/6/1941,Inf_Div,33.47052341,53.00973549
9/6/1941,Inf_Div,33.18835267,53.00869463
9/8/1941,Inf_Div,33.49890289,53.01793382
9/8/1941,Inf_Div,33.50796039,52.929385100000005
9/8/1941,Inf_Div,33.21528789999999,53.01866278
9/10/1941,Inf_Div,33.46381317,52.96515745
8/24/1941,Inf_Div,27.75144887,55.90519881
9/2/1941,Inf_Div,29.40336584,56.33591928
9/2/1941,Inf_Div,29.65873829,56.13268077
9/2/1941,Inf_Div,29.91509514,56.03013079
9/4/1941,Inf_Div,29.39975667,56.33226625
9/4/1941,Inf_Div,30.28756103,55.89021466
9/4/1941,Inf_Div,29.93204606,56.03106304
9/6/1941,Inf_Div,31.096140899999998,55.61415494
9/6/1941,Inf_Div,30.666766100000004,55.747819400000004
9/8/1941,Inf_Div,31.45318596,55.22816706
9/8/1941,Inf_Div,31.40937821,55.42076596
9/8/1941,Inf_Div,30.92257691,55.00037874
9/8/1941,Inf_Div,31.96175137,54.88822215
9/10/1941,Inf_Div,31.459976300000005,55.15870341
9/10/1941,Inf_Div,31.16268459,54.96067983
7/13/1941,Inf_Div,28.22597094,53.24974496
7/11/1941,Inf_Div,26.33353217,53.11557816
7/12/1941,Inf_Div,26.91118739,53.62569168
7/13/1941,Inf_Div,27.00678778,53.64271316
7/15/1941,Inf_Div,27.46470191,53.86047208
7/16/1941,Inf_Div,27.42586186,53.81018076
7/17/1941,Inf_Div,28.01192997,54.03835312
7/17/1941,Inf_Div,28.01215069,54.0378589
7/19/1941,Inf_Div,28.90425998,54.29032546
7/20/1941,Inf_Div,29.48220819,54.34511235
7/22/1941,Inf_Div,30.157332699999998,54.27846333
7/22/1941,Inf_Div,30.42604406,54.51226208
7/24/1941,Inf_Div,30.50025238,54.21252444
7/26/1941,Inf_Div,31.36489406,54.20326892
7/27/1941,Inf_Div,31.78263343,54.24272123
7/27/1941,Inf_Div,32.11934566,54.18518604
7/29/1941,Inf_Div,32.07187689,54.15793807
7/30/1941,Inf_Div,32.21086233,54.21066516
8/1/1941,Inf_Div,32.47305515,54.06792124
8/2/1941,Inf_Div,32.64940375,54.04245502
8/2/1941,Inf_Div,32.5041984,54.14450939
8/4/1941,Inf_Div,32.61360179,54.08879991
8/6/1941,Inf_Div,32.76406928,54.05958613
8/6/1941,Inf_Div,32.77526113,54.00070962
8/10/1941,Inf_Div,33.06464222,53.67804239
8/10/1941,Inf_Div,33.43534113,53.59493908
8/12/1941,Inf_Div,33.06965431,53.69171259
8/12/1941,Inf_Div,33.44055578,53.60887367
8/14/1941,Inf_Div,33.25380051,54.05325408
8/18/1941,Inf_Div,33.3392982,54.10063786
8/20/1941,Inf_Div,33.32704543,54.11008966
8/20/1941,Inf_Div,33.43375406,54.03102044
8/21/1941,Inf_Div,33.24581812,54.00611965
8/21/1941,Inf_Div,33.45532345,54.00482286
8/21/1941,Inf_Div,33.34650799,54.11527458
8/21/1941,Inf_Div,33.15643892,54.22888636
8/21/1941,Inf_Div,33.04610381,54.30337662
8/23/1941,Inf_Div,33.378054600000006,54.11278797
8/24/1941,Inf_Div,33.441182399999995,54.05032412
8/24/1941,Inf_Div,33.36150098,54.12787804
9/2/1941,Inf_Div,33.3374976,54.07850199
9/4/1941,Inf_Div,33.37559411,54.07907707
9/6/1941,Inf_Div,33.31275109,54.09374504
9/8/1941,Inf_Div,33.36570045,54.06917426
9/10/1941,Inf_Div,33.37074675,53.97438264
7/12/1941,Inf_Div,28.62760092,55.62226425
7/13/1941,Inf_Div,28.58372194,55.57153239
7/15/1941,Inf_Div,28.65757518,55.617821400000004
7/19/1941,Inf_Div,29.17618692,55.67831537
7/20/1941,Inf_Div,29.39852025,55.83361889
7/24/1941,Inf_Div,30.042239399999996,56.07103733
7/26/1941,Inf_Div,30.63539006,56.04008713
7/26/1941,Inf_Div,30.46297657,56.0944136
7/27/1941,Inf_Div,30.73316645,55.98804854
7/27/1941,Inf_Div,30.63594775,56.10816332
7/29/1941,Inf_Div,30.83165491,56.12180589
7/30/1941,Inf_Div,30.92667854,56.09162236
8/1/1941,Inf_Div,30.92106715,56.13114008
8/2/1941,Inf_Div,30.878425300000004,56.11134912
8/4/1941,Inf_Div,30.86932048,56.08766071
8/6/1941,Inf_Div,30.84287483,56.13259438
8/10/1941,Inf_Div,30.84136159,56.18041918
8/12/1941,Inf_Div,30.93167016,56.13210722
8/14/1941,Inf_Div,30.94800797,56.12159197
8/18/1941,Inf_Div,30.90023731,56.1635816
8/20/1941,Inf_Div,30.91022337,56.15713895
8/21/1941,Inf_Div,30.790321600000002,56.16404553
8/23/1941,Inf_Div,30.88592589,56.16061604
8/24/1941,Inf_Div,30.84310012,56.19059262
9/2/1941,Inf_Div,31.99759275,56.10087638
9/4/1941,Inf_Div,31.99013656,56.06191377
9/6/1941,Inf_Div,31.87060799,56.08491874
9/8/1941,Inf_Div,31.99102794,56.12948044
9/10/1941,Inf_Div,31.99386192,56.04530318
7/16/1941,Inf_Div,28.63227449,55.60826842
7/22/1941,Inf_Div,29.7487197,56.08300572
9/4/1941,Inf_Div,28.27802072,53.02635555
9/8/1941,Inf_Div,28.31793296,53.022550100000004
9/8/1941,Inf_Div,28.38051604,53.40296535
9/8/1941,Inf_Div,26.83916672,54.35712562
7/11/1941,Inf_Div,27.68137292,55.87578499
7/12/1941,Inf_Div,27.93297623,55.8924351
7/15/1941,Inf_Div,28.57519938,55.93869149
7/16/1941,Inf_Div,28.80849895,56.01358026
7/17/1941,Inf_Div,28.94470993,56.07017907
7/19/1941,Inf_Div,29.61591671,56.16865404
7/22/1941,Inf_Div,29.796038199999998,56.12594244
7/24/1941,Inf_Div,29.86120338,56.31223574
7/26/1941,Inf_Div,30.28002336,56.35599255
7/27/1941,Inf_Div,30.16806852,56.33054932
7/29/1941,Inf_Div,30.38977736,56.26196063
7/30/1941,Inf_Div,30.41336937,56.26602103
8/1/1941,Inf_Div,30.43142511,56.27698742
8/2/1941,Inf_Div,30.40352871,56.25424552
8/4/1941,Inf_Div,30.46145572,56.28031921
8/6/1941,Inf_Div,30.46422054,56.29283011
8/10/1941,Inf_Div,30.51774974,56.23691039
8/12/1941,Inf_Div,30.52522822,56.24043832
8/14/1941,Inf_Div,30.53797306,56.23536471
8/18/1941,Inf_Div,30.55067985,56.25734208
8/20/1941,Inf_Div,30.55328016,56.2524575
8/21/1941,Inf_Div,30.49269255,56.27542422
8/23/1941,Inf_Div,30.52108603,56.26043755
8/24/1941,Inf_Div,30.52625169,56.26151593
9/2/1941,Inf_Div,31.88865841,56.67086339
9/4/1941,Inf_Div,32.27384709,56.64322727
9/4/1941,Inf_Div,31.98812196,56.75860649999999
9/6/1941,Inf_Div,32.13197061,56.71799141
9/8/1941,Inf_Div,32.20681246,56.67823859
9/10/1941,Inf_Div,32.24401004,56.66204319
7/11/1941,Inf_Div,25.72149327,53.12346935
7/29/1941,Inf_Div,27.12346504,53.38915627
7/29/1941,Inf_Div,27.95119923,53.07020008
7/30/1941,Inf_Div,27.401899800000002,53.09616199
7/30/1941,Inf_Div,27.98545012,53.07368015
8/1/1941,Inf_Div,27.00254894,53.16462204
8/1/1941,Inf_Div,27.40698337,53.07843375
8/1/1941,Inf_Div,27.96998944,53.062227899999996
8/2/1941,Inf_Div,27.5167158,53.07492405
8/2/1941,Inf_Div,27.97851502,53.06161989
9/2/1941,Inf_Div,32.93151872,53.98003711
8/4/1941,Inf_Div,29.97061392,53.10605770000001
8/4/1941,Inf_Div,29.93447781,53.17760854
8/4/1941,Inf_Div,29.92736732,53.21157559
8/4/1941,Inf_Div,29.92014509,53.24491836
8/4/1941,Inf_Div,29.91790712,53.27824772
8/4/1941,Inf_Div,27.5226195,53.01478949
8/8/1941,Inf_Div,27.52741455,53.01456904
8/10/1941,Inf_Div,30.48605763,56.30662871
8/10/1941,Inf_Div,28.39224103,53.05834048
8/12/1941,Inf_Div,29.95985138,52.97207785
8/20/1941,Inf_Div,29.01439165,53.12242389
8/21/1941,Inf_Div,29.04287832,53.13748935
8/23/1941,Inf_Div,29.74157022,53.10360337
8/24/1941,Inf_Div,30.09703031,53.09033204
9/2/1941,Inf_Div,32.61694856,53.87687972
9/4/1941,Inf_Div,32.64739611,53.87406687
9/4/1941,Inf_Div,33.55781768,53.58004482
9/4/1941,Inf_Div,32.96575127,53.98051697
9/6/1941,Inf_Div,32.91149645,53.87127484
9/8/1941,Inf_Div,32.88240502,53.95925273
9/8/1941,Inf_Div,33.01269275,53.82476494
9/10/1941,Inf_Div,33.0146375,53.74234275
9/10/1941,Inf_Div,32.88510849,53.86934451
7/11/1941,Inf_Div,28.02932266,55.80949122
7/13/1941,Inf_Div,28.38196491,55.76141362
7/15/1941,Inf_Div,28.66284986,55.85934298
7/16/1941,Inf_Div,28.80629004,55.83650631
7/17/1941,Inf_Div,29.01339194,55.95938908
7/19/1941,Inf_Div,29.34703289,56.02060664
7/20/1941,Inf_Div,29.50212795,56.07358184
7/22/1941,Inf_Div,29.67848581,56.11781463
7/24/1941,Inf_Div,30.14687413,56.26937073
7/24/1941,Inf_Div,30.07091206,56.34134175
7/26/1941,Inf_Div,30.28374866,56.30020803
7/27/1941,Inf_Div,30.44555208,56.33347406
7/29/1941,Inf_Div,30.430195899999998,56.31742814
7/30/1941,Inf_Div,30.4382087,56.32944776
8/1/1941,Inf_Div,30.41419657,56.34909223
8/2/1941,Inf_Div,30.38621029,56.32511154
8/4/1941,Inf_Div,30.41600238,56.36002688
8/6/1941,Inf_Div,30.42596243,56.359443799999994
8/12/1941,Inf_Div,30.49259161,56.31332885
8/14/1941,Inf_Div,30.49835559,56.30276533
8/18/1941,Inf_Div,30.47250561,56.31646858
8/20/1941,Inf_Div,30.477801300000003,56.42817109
8/21/1941,Inf_Div,30.40030004,56.32948961
8/21/1941,Inf_Div,30.46012928,56.523262800000005
8/23/1941,Inf_Div,30.43865284,56.37195919
8/24/1941,Inf_Div,30.49945369,56.33151894
8/24/1941,Inf_Div,30.4089075,56.43540906
9/2/1941,Inf_Div,31.67368324,56.77260588
9/2/1941,Inf_Div,31.600159299999998,56.70551418
9/4/1941,Inf_Div,31.78340798,56.75795987
9/6/1941,Inf_Div,31.90718849,56.75741115
9/8/1941,Inf_Div,31.97978381,56.74821002
9/10/1941,Inf_Div,31.98196765,56.7088843
7/11/1941,Inf_Div,28.08545186,53.04297024
7/11/1941,Inf_Div,29.43887551,52.80485162
7/12/1941,Inf_Div,29.17778555,53.1307019
7/12/1941,Inf_Div,29.40139412,52.78954207
7/13/1941,Inf_Div,29.71703246,53.10301897
7/15/1941,Inf_Div,30.07118248,53.03629369
7/16/1941,Inf_Div,29.94199684,52.99335143
7/19/1941,Inf_Div,29.84435389,53.00130779
7/20/1941,Inf_Div,29.91981762,53.00516711
7/22/1941,Inf_Div,29.93670093,52.97666855
7/26/1941,Inf_Div,29.86663891,52.99736334
7/27/1941,Inf_Div,29.91740665,52.98514222
7/29/1941,Inf_Div,29.92147353,52.99599886
7/30/1941,Inf_Div,29.92831604,53.000138799999995
8/1/1941,Inf_Div,29.9458892,52.98181461
8/2/1941,Inf_Div,29.93565855,52.98193598
8/4/1941,Inf_Div,29.94997165,52.97084082
8/6/1941,Inf_Div,27.77511085,52.97399481
8/10/1941,Inf_Div,29.91951001,52.98615342
8/12/1941,Inf_Div,29.95828499,52.96770217
8/24/1941,Inf_Div,31.082776000000003,53.4788669
9/4/1941,Inf_Div,32.68135049,55.07682533
9/6/1941,Inf_Div,32.60807931,55.11224164
9/8/1941,Inf_Div,32.65855461,55.11038438
9/10/1941,Inf_Div,32.66438201,54.99024343
7/11/1941,Inf_Div,26.81581362,54.90866745
7/12/1941,Inf_Div,27.49742456,55.07353583
7/13/1941,Inf_Div,27.980113399999997,55.08501665
7/15/1941,Inf_Div,28.64157998,55.20770263
7/17/1941,Inf_Div,28.55103343,55.17704299
7/19/1941,Inf_Div,28.56805393,55.1613959
7/20/1941,Inf_Div,28.85642282,55.26654697
7/22/1941,Inf_Div,29.31154907,55.42669604
7/24/1941,Inf_Div,29.25299806,55.43998567
7/26/1941,Inf_Div,29.18514428,55.42886555
7/27/1941,Inf_Div,29.19085597,55.43924647
7/29/1941,Inf_Div,29.19069824,55.43448672
7/30/1941,Inf_Div,29.19827487,55.45342931
8/1/1941,Inf_Div,30.51023498,55.33650962
8/2/1941,Inf_Div,29.85427316,55.36032168
8/2/1941,Inf_Div,31.09519319,55.57531602
8/2/1941,Inf_Div,30.25693257,56.08492976
8/4/1941,Inf_Div,31.13609265,55.59694499
8/4/1941,Inf_Div,30.39053572,56.12525973
8/6/1941,Inf_Div,31.10040394,55.92124006
8/10/1941,Inf_Div,31.09577688,56.0124274
8/10/1941,Inf_Div,30.98307276,56.15700741
8/12/1941,Inf_Div,31.10937703,55.93649835
8/12/1941,Inf_Div,31.11200138,56.08655546
8/14/1941,Inf_Div,31.143797999999997,56.09387953
8/14/1941,Inf_Div,31.12912042,55.92407407
8/20/1941,Inf_Div,31.16285746,56.1058601
8/21/1941,Inf_Div,31.14581962,56.13201359
8/21/1941,Inf_Div,30.22543627,53.00600672
8/23/1941,Inf_Div,30.72404537,53.30056082
8/23/1941,Inf_Div,29.35076133,55.53471275
8/23/1941,Inf_Div,31.17138616,56.41208827
8/24/1941,Inf_Div,31.32214318,56.32475691
9/2/1941,Inf_Div,31.94077702,56.30679005
9/2/1941,Inf_Div,32.06264885,56.36826529
9/2/1941,Inf_Div,28.61428468,55.56730557
9/4/1941,Inf_Div,32.07700521,56.34874818
9/4/1941,Inf_Div,28.60823191,55.57252906
9/6/1941,Inf_Div,32.00132934,56.358033299999995
9/6/1941,Inf_Div,28.63123619,55.57898304
9/8/1941,Inf_Div,32.08598610000001,56.36543809
9/8/1941,Inf_Div,28.62890316,55.57137497
9/10/1941,Inf_Div,32.08920018,56.29774599
9/10/1941,Inf_Div,28.62799773,55.48432075
7/13/1941,Inf_Div,28.33985208,55.85240532
7/11/1941,Inf_Div,27.36382796,53.69244219
7/12/1941,Inf_Div,27.60011777,53.78220828
7/13/1941,Inf_Div,27.61150915,53.77331529
7/15/1941,Inf_Div,27.73547115,53.86714448
7/16/1941,Inf_Div,28.59418684,55.18385895
7/16/1941,Inf_Div,28.38549728,53.72630841
7/17/1941,Inf_Div,28.64694154,53.717606
7/19/1941,Inf_Div,29.65319664,53.79918320000001
7/20/1941,Inf_Div,30.12352901,53.55340829
7/22/1941,Inf_Div,30.17811818,53.52057575
7/24/1941,Inf_Div,30.744570399999997,53.58631914
7/26/1941,Inf_Div,31.18502722,53.70047006
7/27/1941,Inf_Div,31.42057207,53.55334114
7/29/1941,Inf_Div,31.56419027,53.60620719
7/30/1941,Inf_Div,31.59608395,53.61777784
8/1/1941,Inf_Div,31.54462494,53.60780417
8/2/1941,Inf_Div,31.54260228,53.61352552
8/4/1941,Inf_Div,31.47847386,53.59356258
8/6/1941,Inf_Div,31.50371911,53.59716089999999
8/10/1941,Inf_Div,31.51713204,53.58296202
8/12/1941,Inf_Div,31.53507895,53.47388661
8/14/1941,Inf_Div,31.608880300000003,53.44014961
8/18/1941,Inf_Div,31.64382199,53.26042445
8/18/1941,Inf_Div,31.11024074,56.120265599999996
8/20/1941,Inf_Div,32.20097291,53.474957200000006
8/21/1941,Inf_Div,32.41397313,53.566112600000004
8/23/1941,Inf_Div,32.75184251,53.62558304
8/24/1941,Inf_Div,32.74371625,53.63465886
9/2/1941,Inf_Div,33.61203562,53.88041569
9/4/1941,Inf_Div,33.64797658,53.88034377
9/6/1941,Inf_Div,33.5928773,53.89172909
9/8/1941,Inf_Div,33.63542024,53.89563345
9/10/1941,Inf_Div,33.63527493,53.81273764
9/2/1941,Inf_Div,32.29621634,55.11497455
7/11/1941,Inf_Div,26.07982188,53.04947701
7/15/1941,Inf_Div,27.02461424,53.00734145
7/16/1941,Inf_Div,27.6902078,53.08026039
7/17/1941,Inf_Div,28.22810275,53.02326742
8/14/1941,Inf_Div,30.34776111,52.68956383
7/20/1941,Inf_Div,29.75048444,56.08198279
7/11/1941,Inf_Div,28.29547933,53.87954519
7/11/1941,Inf_Div,28.90207234,54.08048883
7/12/1941,Inf_Div,28.63426382,53.98154091
7/12/1941,Inf_Div,28.827788199999997,54.08945582
7/13/1941,Inf_Div,28.88214063,54.11591569
7/15/1941,Inf_Div,29.775070399999997,54.21216966
7/15/1941,Inf_Div,30.26992398,54.30319724
7/16/1941,Inf_Div,30.10406963,54.20306889
7/16/1941,Inf_Div,30.29203732,54.22091159
7/17/1941,Inf_Div,30.23318937,54.16552141
7/19/1941,Inf_Div,30.900848600000003,54.187682099999996
7/19/1941,Inf_Div,31.29092359,54.17559081
7/20/1941,Inf_Div,31.24917278,54.28496518
7/20/1941,Inf_Div,31.56275572,54.27225861
7/22/1941,Inf_Div,31.505894899999998,54.16916515
7/22/1941,Inf_Div,31.56817281,54.34195526
7/24/1941,Inf_Div,32.14255241,54.22585561
7/26/1941,Inf_Div,32.51279635,54.17576554
7/27/1941,Inf_Div,32.49652166,54.26338372
7/29/1941,Inf_Div,32.5891394,54.24707267
7/30/1941,Inf_Div,32.61337474,54.24653057
8/1/1941,Inf_Div,32.61887915,54.26162648
8/2/1941,Inf_Div,32.59974239,54.23485324
8/4/1941,Inf_Div,32.60506662,54.22895181
8/6/1941,Inf_Div,32.98795403,54.22689307
8/6/1941,Inf_Div,33.13267966,54.2005868
8/10/1941,Inf_Div,33.11983133,54.25478854
8/12/1941,Inf_Div,33.16537331,54.24387242
8/14/1941,Inf_Div,33.08386681,54.21998328
8/18/1941,Inf_Div,32.8432603,54.73280142
8/20/1941,Inf_Div,32.74477172,54.74958244
8/21/1941,Inf_Div,32.73317106,54.74624258
8/23/1941,Inf_Div,32.70963537,54.73604206
8/24/1941,Inf_Div,32.69472632,54.73925349
9/2/1941,Inf_Div,32.5338111,54.52705421
9/2/1941,Inf_Div,32.94299161,54.65361149
9/4/1941,Inf_Div,32.97481565,54.65437936
9/4/1941,Inf_Div,32.56533232,54.56991568
9/6/1941,Inf_Div,32.86427726,54.68719425
9/8/1941,Inf_Div,32.94272469,54.66488422
9/10/1941,Inf_Div,32.94612613,54.54908543
7/11/1941,Inf_Div,27.44844466,52.99695235
7/12/1941,Inf_Div,28.42975081,53.05682447
7/13/1941,Inf_Div,29.23965574,53.12503709
7/15/1941,Inf_Div,29.53216836,53.14372193
8/14/1941,Inf_Div,30.26706083,52.82615415
8/23/1941,Inf_Div,30.40803948,53.12986415
8/24/1941,Inf_Div,30.723019899999997,53.2975463
9/2/1941,Inf_Div,33.14534869,54.21542392
9/2/1941,Inf_Div,32.99346907,54.10927565
9/4/1941,Inf_Div,33.14726797,54.24142665
9/6/1941,Inf_Div,33.0927998,54.25114039
9/6/1941,Inf_Div,32.98754078,54.29850262
9/8/1941,Inf_Div,33.11628176,54.25353051
9/10/1941,Inf_Div,33.11998663,54.15007579
7/11/1941,Inf_Div,27.36738455,53.90601452
7/12/1941,Inf_Div,27.81329224,54.1357125
7/13/1941,Inf_Div,27.79023391,54.11658912
7/15/1941,Inf_Div,27.99874968,54.19041484
7/16/1941,Inf_Div,28.48827258,54.209421299999995
7/17/1941,Inf_Div,28.8899321,54.29807646
7/19/1941,Inf_Div,29.973240899999997,54.45881047
7/19/1941,Inf_Div,30.42980483,54.58771454
7/20/1941,Inf_Div,30.440978100000002,54.65316592
7/22/1941,Inf_Div,31.12137457,54.69300489
7/22/1941,Inf_Div,31.18367867,54.81236464
7/24/1941,Inf_Div,31.58968026,54.736062
7/24/1941,Inf_Div,31.09037382,54.64513822
7/26/1941,Inf_Div,32.09757156,54.46900506
7/27/1941,Inf_Div,32.77482523,54.53140642
7/29/1941,Inf_Div,32.93674849,54.54907218
7/30/1941,Inf_Div,33.32340721,54.59140575
8/2/1941,Inf_Div,33.23904417,54.50929085
8/4/1941,Inf_Div,33.23814866,54.51106751
8/6/1941,Inf_Div,33.23988572,54.49317342
8/10/1941,Inf_Div,33.24724753,54.48176277
8/12/1941,Inf_Div,33.24726346,54.49747696
8/14/1941,Inf_Div,33.26317891,54.51138283
8/18/1941,Inf_Div,33.19330267,54.48246775
8/20/1941,Inf_Div,33.23373448,54.47495145
8/21/1941,Inf_Div,33.20120882,54.46945973
8/23/1941,Inf_Div,33.2108786,54.46750842
8/24/1941,Inf_Div,33.20076175,54.47197464
9/2/1941,Inf_Div,33.18330981,54.507535600000004
9/4/1941,Inf_Div,33.28782152,54.52069042
9/6/1941,Inf_Div,32.53565337,54.42136902
9/8/1941,Inf_Div,32.57746768,54.42414181
9/10/1941,Inf_Div,32.5795014,54.31447521
9/10/1941,Inf_Div,27.41770491,56.55901081
7/22/1941,Inf_Div,27.97950648,57.03172832
7/26/1941,Inf_Div,31.84440307,54.77472599
7/11/1941,Inf_Div,28.65954392,56.38055425
7/12/1941,Inf_Div,28.70289226,56.37681044
7/13/1941,Inf_Div,28.86208229,56.31757396
7/15/1941,Inf_Div,29.17187305,56.44495315
7/16/1941,Inf_Div,29.19559585,56.45020838
7/17/1941,Inf_Div,29.20440801,56.42843518
7/17/1941,Inf_Div,28.93342434,56.59388977
7/19/1941,Inf_Div,29.23019549,56.7587601
7/19/1941,Inf_Div,29.04802622,56.83161175
7/20/1941,Inf_Div,29.29649037,56.93302049
7/11/1941,Inf_Div,28.15719437,54.06282389999999
7/11/1941,Inf_Div,28.72577761,54.20068814
7/12/1941,Inf_Div,28.56006216,54.06942365
7/12/1941,Inf_Div,28.72031268,54.26167172
7/13/1941,Inf_Div,28.88066928,54.19324638
7/15/1941,Inf_Div,30.34073711,54.47181088
7/16/1941,Inf_Div,30.06904477,54.34597668
7/16/1941,Inf_Div,30.28396271,54.32099075
7/17/1941,Inf_Div,30.24349651,54.2986961
7/19/1941,Inf_Div,30.77292054,54.32346927
7/20/1941,Inf_Div,31.04968225,54.43352539999999
7/22/1941,Inf_Div,31.67062191,54.42454233
7/22/1941,Inf_Div,31.83923522,54.35278667
7/24/1941,Inf_Div,32.11643314,54.37660848
7/26/1941,Inf_Div,32.76292317,54.34560703
7/27/1941,Inf_Div,32.85014324,54.36270978
7/29/1941,Inf_Div,32.88042067,54.33991949
7/30/1941,Inf_Div,32.89955117,54.34234331
8/1/1941,Inf_Div,32.89174014,54.36332247
8/2/1941,Inf_Div,32.94369372,54.222925100000005
8/4/1941,Inf_Div,32.9137875,54.09274009
8/6/1941,Inf_Div,32.9477828,54.11079196
8/6/1941,Inf_Div,32.83157513,54.22334056
8/10/1941,Inf_Div,33.30821332,54.60434694
8/12/1941,Inf_Div,33.30302244,54.62604395
8/14/1941,Inf_Div,33.36914745,54.58755996
8/18/1941,Inf_Div,33.34011312,54.57688645
8/20/1941,Inf_Div,33.36226341,54.58723639
8/21/1941,Inf_Div,33.3529978,54.53139402
8/23/1941,Inf_Div,33.36369563,54.53043637
8/24/1941,Inf_Div,33.35181451,54.53374399999999
9/2/1941,Inf_Div,33.32953108,54.59872648
9/4/1941,Inf_Div,33.35253208,54.63144937
9/6/1941,Inf_Div,32.80833615,54.39753297
9/6/1941,Inf_Div,32.699376799999996,54.52927124
9/8/1941,Inf_Div,33.00564519,54.38657671
9/10/1941,Inf_Div,33.01028144,54.27602277
9/4/1941,Inf_Div,27.05699682,54.21253822
9/6/1941,Inf_Div,27.58255441,54.05348997
9/6/1941,Inf_Div,27.54879123,53.88460496
9/8/1941,Inf_Div,27.57850352,54.04850788
9/10/1941,Inf_Div,27.57514886,53.97607782
9/10/1941,Inf_Div,27.57521708,53.97633858
9/10/1941,Inf_Div,27.54349297,53.81333274
9/10/1941,Inf_Div,27.56719107,53.96706098
8/4/1941,Inf_Div,27.67432097,55.15101599
8/4/1941,Inf_Div,27.8952782,55.23169972
